-- phpMyAdmin SQL Dump
-- version 5.2.0
-- https://www.phpmyadmin.net/
--
-- Host: localhost:3306
-- Generation Time: Jul 30, 2024 at 02:28 AM
-- Server version: 5.7.33
-- PHP Version: 8.0.20

SET SQL_MODE = "NO_AUTO_VALUE_ON_ZERO";
START TRANSACTION;
SET time_zone = "+00:00";


/*!40101 SET @OLD_CHARACTER_SET_CLIENT=@@CHARACTER_SET_CLIENT */;
/*!40101 SET @OLD_CHARACTER_SET_RESULTS=@@CHARACTER_SET_RESULTS */;
/*!40101 SET @OLD_COLLATION_CONNECTION=@@COLLATION_CONNECTION */;
/*!40101 SET NAMES utf8mb4 */;

--
-- Database: `baru`
--

-- --------------------------------------------------------

--
-- Table structure for table `dosen`
--

CREATE TABLE `dosen` (
  `nidn` varchar(255) COLLATE utf8mb4_unicode_ci NOT NULL,
  `nm_dosen` varchar(255) COLLATE utf8mb4_unicode_ci NOT NULL,
  `prodi` varchar(255) COLLATE utf8mb4_unicode_ci NOT NULL,
  `created_at` timestamp NULL DEFAULT NULL,
  `updated_at` timestamp NULL DEFAULT NULL
) ENGINE=InnoDB DEFAULT CHARSET=utf8mb4 COLLATE=utf8mb4_unicode_ci;

--
-- Dumping data for table `dosen`
--

INSERT INTO `dosen` (`nidn`, `nm_dosen`, `prodi`, `created_at`, `updated_at`) VALUES
('-', 'Dr. Ir. Hj. Galuh Tantri Narindra, S.T., M.T.', 'Umum', '2024-07-10 07:31:38', '2024-07-10 07:31:38'),
('0007118502', 'Noviana Sari, S.IP., M.A.', 'Umum', '2024-07-10 07:28:47', '2024-07-10 07:28:47'),
('1101098301', 'Ir. Andi Achmad Priyadharma, ST., M.Eng', 'Perencanaan Wilayah dan Kota', '2024-05-15 06:45:53', '2024-05-15 06:45:53'),
('1102028502', 'Emma Ruhaidani, ST, M.Si', 'Sipil', '2024-05-15 06:38:53', '2024-05-15 06:38:53'),
('1102038801', 'Muhammad Fitriansyah, M.T', 'Sipil', '2024-05-15 06:38:39', '2024-05-15 06:38:39'),
('1102118902', 'Elia Anggarini, M.T', 'Sipil', '2024-05-15 06:38:10', '2024-05-15 06:38:10'),
('1103019003', 'M. Ridha Anwari, M.Pd.', 'Umum', '2024-07-10 08:19:14', '2024-07-10 08:19:14'),
('1103029002', 'Ayu Ahadi Ningrum, M.Tr.Kom', 'Informatika', '2024-05-15 06:41:49', '2024-05-15 06:41:49'),
('1104078601', 'Windarsyah, M.Kom', 'Informatika', '2024-05-15 06:41:05', '2024-05-15 06:41:05'),
('1105069401', 'Adithea Syaputra Perdana, S.T., M.Ars', 'Arsitektur', '2024-05-15 06:45:22', '2024-05-15 06:45:22'),
('1106088804', 'Herman Taufik, M.Pd.I', 'Umum', '2024-07-10 07:28:23', '2024-07-10 07:28:23'),
('1107069002', 'Muhammad Zulkarnaen, M., Pd.I.', 'Umum', '2024-07-10 08:19:31', '2024-07-10 08:19:31'),
('1108038301', 'Hanny Maria Caesarina, ST., M.Sc', 'Perencanaan Wilayah dan Kota', '2024-05-15 06:46:06', '2024-05-15 06:46:06'),
('1108048704', 'Dienny Redha Rahmani, S.Si,. M.S', 'Perencanaan Wilayah dan Kota', '2024-05-15 06:47:19', '2024-05-15 06:47:19'),
('1108109102', 'Nahdi Saubari, M.Kom', 'Informatika', '2024-05-15 06:40:11', '2024-05-15 06:40:11'),
('1109058901', 'Irwandy Muzaidi, M.T', 'Sipil', '2024-05-15 06:38:24', '2024-05-15 06:38:24'),
('1109098501', 'M. Ziki Elfirman, M.Kom.', 'Informatika', '2024-07-10 08:24:28', '2024-07-10 08:24:28'),
('1110088901', 'Ahmad Lazwardi, S.Pd., M.Sc.', 'Umum', '2024-07-10 08:20:24', '2024-07-10 08:20:24'),
('1111068401', 'Fitri Wulandari, ST, M.Sc', 'Arsitektur', '2024-05-15 06:44:43', '2024-05-15 06:44:43'),
('1112068401', 'Ir. Rudy Ansari, M.Kom', 'Informatika', '2024-05-15 06:39:58', '2024-05-15 06:39:58'),
('1113028902', 'Ir. Dyah Pradhitya Hardiani, M.T', 'Sipil', '2024-05-15 06:37:55', '2024-05-15 06:37:55'),
('1115018601', 'Humairoh Razak, ST., MT', 'Arsitektur', '2024-05-15 06:43:41', '2024-05-15 06:43:41'),
('1117029001', 'Muhammad Syahid Febriadi,  M.Kom.', 'Informatika', '2024-07-17 08:35:31', '2024-07-17 08:35:31'),
('1117029201', 'Miftahul Ridhoni, MT', 'Perencanaan Wilayah dan Kota', '2024-05-15 06:47:04', '2024-05-15 06:47:04'),
('1117118801', 'Ir. Evan Elianto Supar, ST., M.Sc, IAI', 'Arsitektur', '2024-05-15 06:42:12', '2024-05-15 06:42:12'),
('1119039301', 'Ekawati Laily Ramadhani, S.T., M.Eng', 'Sipil', '2024-05-15 06:39:40', '2024-05-15 06:39:40'),
('1121028703', 'Kiky Permana Setiawan, S.Pi., M.Sc', 'Perencanaan Wilayah dan Kota', '2024-05-15 06:46:38', '2024-05-15 06:46:38'),
('1121098603', 'Ir. Noor Aina, ST., M.Sc', 'Arsitektur', '2024-05-15 06:42:54', '2024-05-15 06:42:54'),
('1124108201', 'Annisa , ST., M.Sc', 'Arsitektur', '2024-05-15 06:43:16', '2024-05-15 06:43:16'),
('1125099401', 'Muhammad Alfreno Rizani, S.T., M.Ars', 'Arsitektur', '2024-05-15 06:44:57', '2024-05-15 06:44:57'),
('1126038901', 'Finki Dona Marleny, M.Kom', 'Informatika', '2024-05-15 06:41:35', '2024-05-15 06:41:35'),
('1126078301', 'Ir. Ichwan Setiawan, M.T', 'Sipil', '2024-05-15 06:35:42', '2024-05-15 06:35:42'),
('1126107902', 'Mukhaimy Gazali, M.Si', 'Informatika', '2024-05-15 06:40:28', '2024-05-15 06:40:28'),
('1129059001', 'Muhammad Yusuf Ridhani, M.Eng', 'Perencanaan Wilayah dan Kota', '2024-05-15 06:46:20', '2024-05-15 06:46:20'),
('1129097901', 'Kamarudin, M.Kom', 'Informatika', '2024-05-15 06:40:51', '2024-05-15 06:40:51'),
('1130099001', 'Ihdalhubbi Maulida, M.Kom', 'Informatika', '2024-05-15 06:41:22', '2024-05-15 06:41:22'),
('2021048904', 'Munsyi, S.Kom., M.T.', 'Informatika', '2024-07-10 08:25:02', '2024-07-10 08:25:02'),
('3', 'TEAM TEACHING', 'Perencanaan Wilayah dan Kota', '2024-07-15 19:55:43', '2024-07-15 19:55:43'),
('8906740022', 'Ir. Sugito Said, M.T', 'Umum', '2024-07-10 07:29:24', '2024-07-10 07:29:24');

-- --------------------------------------------------------

--
-- Table structure for table `jadwal`
--

CREATE TABLE `jadwal` (
  `id` bigint(20) UNSIGNED NOT NULL,
  `semester` varchar(50) COLLATE utf8mb4_unicode_ci DEFAULT NULL,
  `kelas_id` bigint(20) UNSIGNED NOT NULL,
  `kd_ruang` varchar(255) COLLATE utf8mb4_unicode_ci NOT NULL,
  `hari` varchar(255) COLLATE utf8mb4_unicode_ci NOT NULL,
  `jam` varchar(255) COLLATE utf8mb4_unicode_ci NOT NULL,
  `prodi` varchar(255) COLLATE utf8mb4_unicode_ci NOT NULL,
  `tahun_ajaran_id` bigint(20) UNSIGNED NOT NULL,
  `created_at` timestamp NULL DEFAULT NULL,
  `updated_at` timestamp NULL DEFAULT NULL,
  `validated` tinyint(1) NOT NULL DEFAULT '0'
) ENGINE=InnoDB DEFAULT CHARSET=utf8mb4 COLLATE=utf8mb4_unicode_ci;

--
-- Dumping data for table `jadwal`
--

INSERT INTO `jadwal` (`id`, `semester`, `kelas_id`, `kd_ruang`, `hari`, `jam`, `prodi`, `tahun_ajaran_id`, `created_at`, `updated_at`, `validated`) VALUES
(1, NULL, 1, 'R17', 'Rabu', '10:30-11:20', 'Umum', 4, '2024-07-29 14:47:42', '2024-07-29 14:47:42', 0),
(2, NULL, 1, 'R17', 'Rabu', '11:20-12:10', 'Umum', 4, '2024-07-29 14:47:42', '2024-07-29 14:47:42', 0),
(3, NULL, 2, 'BPH', 'Rabu', '10:30-11:20', 'Umum', 4, '2024-07-29 14:47:42', '2024-07-29 14:47:42', 0),
(4, NULL, 2, 'BPH', 'Rabu', '11:20-12:10', 'Umum', 4, '2024-07-29 14:47:42', '2024-07-29 14:47:42', 0),
(5, NULL, 3, 'R17', 'Rabu', '13:00-13:50', 'Umum', 4, '2024-07-29 14:47:42', '2024-07-29 14:47:42', 0),
(6, NULL, 3, 'R17', 'Rabu', '13:50-14:40', 'Umum', 4, '2024-07-29 14:47:42', '2024-07-29 14:47:42', 0),
(7, NULL, 4, 'BPH', 'Kamis', '08:00-08:50', 'Umum', 4, '2024-07-29 14:47:42', '2024-07-29 14:47:42', 0),
(8, NULL, 4, 'BPH', 'Kamis', '08:50-09:40', 'Umum', 4, '2024-07-29 14:47:42', '2024-07-29 14:47:42', 0),
(9, NULL, 5, 'BPH', 'Selasa', '11:20-12:10', 'Umum', 4, '2024-07-29 14:47:42', '2024-07-29 14:47:42', 0),
(10, NULL, 5, 'BPH', 'Selasa', '13:00-13:50', 'Umum', 4, '2024-07-29 14:47:42', '2024-07-29 14:47:42', 0),
(11, NULL, 6, 'BPH', 'Senin', '13:50-14:40', 'Umum', 4, '2024-07-29 14:47:43', '2024-07-29 14:47:43', 0),
(12, NULL, 6, 'BPH', 'Senin', '14:40-15:30', 'Umum', 4, '2024-07-29 14:47:43', '2024-07-29 14:47:43', 0),
(13, NULL, 7, 'BPH', 'Senin', '08:50-09:40', 'Umum', 4, '2024-07-29 14:47:43', '2024-07-29 14:47:43', 0),
(14, NULL, 7, 'BPH', 'Senin', '09:40-10:30', 'Umum', 4, '2024-07-29 14:47:43', '2024-07-29 14:47:43', 0),
(15, NULL, 8, 'R14', 'Selasa', '08:00-08:50', 'Informatika', 4, '2024-07-29 14:47:43', '2024-07-29 14:47:43', 0),
(16, NULL, 8, 'R14', 'Selasa', '08:50-09:40', 'Informatika', 4, '2024-07-29 14:47:43', '2024-07-29 14:47:43', 0),
(17, NULL, 8, 'R14', 'Selasa', '09:40-10:30', 'Informatika', 4, '2024-07-29 14:47:43', '2024-07-29 14:47:43', 0),
(18, NULL, 9, 'R7', 'Senin', '08:00-08:50', 'Informatika', 4, '2024-07-29 14:47:43', '2024-07-29 14:47:43', 0),
(19, NULL, 9, 'R7', 'Senin', '08:50-09:40', 'Informatika', 4, '2024-07-29 14:47:43', '2024-07-29 14:47:43', 0),
(20, NULL, 9, 'R7', 'Senin', '09:40-10:30', 'Informatika', 4, '2024-07-29 14:47:43', '2024-07-29 14:47:43', 0),
(21, NULL, 10, 'R5', 'Rabu', '08:00-08:50', 'Informatika', 4, '2024-07-29 14:47:43', '2024-07-29 14:47:43', 0),
(22, NULL, 10, 'R5', 'Rabu', '08:50-09:40', 'Informatika', 4, '2024-07-29 14:47:43', '2024-07-29 14:47:43', 0),
(23, NULL, 11, 'R7', 'Kamis', '08:50-09:40', 'Informatika', 4, '2024-07-29 14:47:43', '2024-07-29 14:47:43', 0),
(24, NULL, 11, 'R7', 'Kamis', '09:40-10:30', 'Informatika', 4, '2024-07-29 14:47:43', '2024-07-29 14:47:43', 0),
(25, NULL, 12, 'R7', 'Kamis', '10:30-11:20', 'Informatika', 4, '2024-07-29 14:47:43', '2024-07-29 14:47:43', 0),
(26, NULL, 13, 'R7', 'Rabu', '10:30-11:20', 'Informatika', 4, '2024-07-29 14:47:43', '2024-07-29 14:47:43', 0),
(27, NULL, 13, 'R7', 'Rabu', '11:20-12:10', 'Informatika', 4, '2024-07-29 14:47:43', '2024-07-29 14:47:43', 0),
(28, NULL, 13, 'R7', 'Rabu', '13:00-13:50', 'Informatika', 4, '2024-07-29 14:47:43', '2024-07-29 14:47:43', 0),
(29, NULL, 14, 'R6', 'Jumat', '09:40-10:30', 'Informatika', 4, '2024-07-29 14:47:43', '2024-07-29 14:47:43', 0),
(30, NULL, 14, 'R6', 'Jumat', '10:30-11:20', 'Informatika', 4, '2024-07-29 14:47:43', '2024-07-29 14:47:43', 0),
(31, NULL, 15, 'R7', 'Jumat', '11:20-12:10', 'Informatika', 4, '2024-07-29 14:47:44', '2024-07-29 14:47:44', 0),
(32, NULL, 15, 'R7', 'Jumat', '13:00-13:50', 'Informatika', 4, '2024-07-29 14:47:44', '2024-07-29 14:47:44', 0),
(33, NULL, 16, 'R5', 'Rabu', '13:00-13:50', 'Informatika', 4, '2024-07-29 14:47:44', '2024-07-29 14:47:44', 0),
(34, NULL, 16, 'R5', 'Rabu', '13:50-14:40', 'Informatika', 4, '2024-07-29 14:47:44', '2024-07-29 14:47:44', 0),
(35, NULL, 17, 'R6', 'Kamis', '08:00-08:50', 'Informatika', 4, '2024-07-29 14:47:44', '2024-07-29 14:47:44', 0),
(36, NULL, 17, 'R6', 'Kamis', '08:50-09:40', 'Informatika', 4, '2024-07-29 14:47:44', '2024-07-29 14:47:44', 0),
(37, NULL, 18, 'R6', 'Kamis', '09:40-10:30', 'Informatika', 4, '2024-07-29 14:47:44', '2024-07-29 14:47:44', 0),
(38, NULL, 19, 'R5', 'Jumat', '08:00-08:50', 'Informatika', 4, '2024-07-29 14:47:44', '2024-07-29 14:47:44', 0),
(39, NULL, 19, 'R5', 'Jumat', '08:50-09:40', 'Informatika', 4, '2024-07-29 14:47:44', '2024-07-29 14:47:44', 0),
(40, NULL, 20, 'R5', 'Jumat', '09:40-10:30', 'Informatika', 4, '2024-07-29 14:47:44', '2024-07-29 14:47:44', 0),
(41, NULL, 21, 'R7', 'Selasa', '08:00-08:50', 'Informatika', 4, '2024-07-29 14:47:44', '2024-07-29 14:47:44', 0),
(42, NULL, 21, 'R7', 'Selasa', '08:50-09:40', 'Informatika', 4, '2024-07-29 14:47:44', '2024-07-29 14:47:44', 0),
(43, NULL, 22, 'R6', 'Selasa', '13:00-13:50', 'Informatika', 4, '2024-07-29 14:47:44', '2024-07-29 14:47:44', 0),
(44, NULL, 22, 'R6', 'Selasa', '13:50-14:40', 'Informatika', 4, '2024-07-29 14:47:44', '2024-07-29 14:47:44', 0),
(45, NULL, 23, 'R5', 'Rabu', '09:40-10:30', 'Informatika', 4, '2024-07-29 14:47:44', '2024-07-29 14:47:44', 0),
(46, NULL, 23, 'R5', 'Rabu', '10:30-11:20', 'Informatika', 4, '2024-07-29 14:47:44', '2024-07-29 14:47:44', 0),
(47, NULL, 23, 'R5', 'Rabu', '11:20-12:10', 'Informatika', 4, '2024-07-29 14:47:44', '2024-07-29 14:47:44', 0),
(48, NULL, 24, 'R14', 'Jumat', '08:00-08:50', 'Informatika', 4, '2024-07-29 14:47:44', '2024-07-29 14:47:44', 0),
(49, NULL, 24, 'R14', 'Jumat', '08:50-09:40', 'Informatika', 4, '2024-07-29 14:47:44', '2024-07-29 14:47:44', 0),
(50, NULL, 24, 'R14', 'Jumat', '09:40-10:30', 'Informatika', 4, '2024-07-29 14:47:44', '2024-07-29 14:47:44', 0),
(51, NULL, 25, 'R6', 'Rabu', '10:30-11:20', 'Informatika', 4, '2024-07-29 14:47:44', '2024-07-29 14:47:44', 0),
(52, NULL, 25, 'R6', 'Rabu', '11:20-12:10', 'Informatika', 4, '2024-07-29 14:47:44', '2024-07-29 14:47:44', 0),
(53, NULL, 26, 'R6', 'Rabu', '13:00-13:50', 'Informatika', 4, '2024-07-29 14:47:44', '2024-07-29 14:47:44', 0),
(54, NULL, 27, 'R5', 'Senin', '08:00-08:50', 'Informatika', 4, '2024-07-29 14:47:44', '2024-07-29 14:47:44', 0),
(55, NULL, 27, 'R5', 'Senin', '08:50-09:40', 'Informatika', 4, '2024-07-29 14:47:44', '2024-07-29 14:47:44', 0),
(56, NULL, 27, 'R5', 'Senin', '09:40-10:30', 'Informatika', 4, '2024-07-29 14:47:44', '2024-07-29 14:47:44', 0),
(57, NULL, 28, 'R5', 'Selasa', '13:00-13:50', 'Informatika', 4, '2024-07-29 14:47:44', '2024-07-29 14:47:44', 0),
(58, NULL, 28, 'R5', 'Selasa', '13:50-14:40', 'Informatika', 4, '2024-07-29 14:47:44', '2024-07-29 14:47:44', 0),
(59, NULL, 29, 'R5', 'Senin', '10:30-11:20', 'Informatika', 4, '2024-07-29 14:47:45', '2024-07-29 14:47:45', 0),
(60, NULL, 29, 'R5', 'Senin', '11:20-12:10', 'Informatika', 4, '2024-07-29 14:47:45', '2024-07-29 14:47:45', 0),
(61, NULL, 30, 'R14', 'Rabu', '13:50-14:40', 'Informatika', 4, '2024-07-29 14:47:45', '2024-07-29 14:47:45', 0),
(62, NULL, 30, 'R14', 'Rabu', '14:40-15:30', 'Informatika', 4, '2024-07-29 14:47:45', '2024-07-29 14:47:45', 0),
(63, NULL, 31, 'R7', 'Selasa', '13:00-13:50', 'Informatika', 4, '2024-07-29 14:47:45', '2024-07-29 14:47:45', 0),
(64, NULL, 31, 'R7', 'Selasa', '13:50-14:40', 'Informatika', 4, '2024-07-29 14:47:45', '2024-07-29 14:47:45', 0),
(65, NULL, 89, 'R14', 'Selasa', '10:30-11:20', 'Informatika', 4, '2024-07-29 14:47:45', '2024-07-29 14:47:45', 0),
(66, NULL, 89, 'R14', 'Selasa', '11:20-12:10', 'Informatika', 4, '2024-07-29 14:47:45', '2024-07-29 14:47:45', 0),
(67, NULL, 89, 'R14', 'Selasa', '13:00-13:50', 'Informatika', 4, '2024-07-29 14:47:45', '2024-07-29 14:47:45', 0),
(68, NULL, 71, 'R8', 'Selasa', '10:30-11:20', 'Perencanaan Wilayah dan Kota', 4, '2024-07-29 14:51:44', '2024-07-29 14:51:44', 0),
(69, NULL, 71, 'R8', 'Selasa', '11:20-12:10', 'Perencanaan Wilayah dan Kota', 4, '2024-07-29 14:51:44', '2024-07-29 14:51:44', 0),
(70, NULL, 72, 'R15', 'Jumat', '13:00-13:50', 'Perencanaan Wilayah dan Kota', 4, '2024-07-29 14:51:44', '2024-07-29 14:51:44', 0),
(71, NULL, 72, 'R15', 'Jumat', '13:50-14:40', 'Perencanaan Wilayah dan Kota', 4, '2024-07-29 14:51:44', '2024-07-29 14:51:44', 0),
(72, NULL, 73, 'R15', 'Selasa', '08:00-08:50', 'Perencanaan Wilayah dan Kota', 4, '2024-07-29 14:51:44', '2024-07-29 14:51:44', 0),
(73, NULL, 73, 'R15', 'Selasa', '08:50-09:40', 'Perencanaan Wilayah dan Kota', 4, '2024-07-29 14:51:44', '2024-07-29 14:51:44', 0),
(74, NULL, 74, 'R9', 'Rabu', '08:50-09:40', 'Perencanaan Wilayah dan Kota', 4, '2024-07-29 14:51:44', '2024-07-29 14:51:44', 0),
(75, NULL, 74, 'R9', 'Rabu', '09:40-10:30', 'Perencanaan Wilayah dan Kota', 4, '2024-07-29 14:51:44', '2024-07-29 14:51:44', 0),
(76, NULL, 74, 'R9', 'Rabu', '10:30-11:20', 'Perencanaan Wilayah dan Kota', 4, '2024-07-29 14:51:44', '2024-07-29 14:51:44', 0),
(77, NULL, 75, 'R9', 'Selasa', '09:40-10:30', 'Perencanaan Wilayah dan Kota', 4, '2024-07-29 14:51:44', '2024-07-29 14:51:44', 0),
(78, NULL, 75, 'R9', 'Selasa', '10:30-11:20', 'Perencanaan Wilayah dan Kota', 4, '2024-07-29 14:51:44', '2024-07-29 14:51:44', 0),
(79, NULL, 75, 'R9', 'Selasa', '11:20-12:10', 'Perencanaan Wilayah dan Kota', 4, '2024-07-29 14:51:44', '2024-07-29 14:51:44', 0),
(80, NULL, 75, 'R9', 'Selasa', '13:00-13:50', 'Perencanaan Wilayah dan Kota', 4, '2024-07-29 14:51:44', '2024-07-29 14:51:44', 0),
(81, NULL, 75, 'R9', 'Selasa', '13:50-14:40', 'Perencanaan Wilayah dan Kota', 4, '2024-07-29 14:51:44', '2024-07-29 14:51:44', 0),
(82, NULL, 76, 'R10', 'Kamis', '08:00-08:50', 'Perencanaan Wilayah dan Kota', 4, '2024-07-29 14:51:44', '2024-07-29 14:51:44', 0),
(83, NULL, 76, 'R10', 'Kamis', '08:50-09:40', 'Perencanaan Wilayah dan Kota', 4, '2024-07-29 14:51:44', '2024-07-29 14:51:44', 0),
(84, NULL, 77, 'R8', 'Kamis', '11:20-12:10', 'Perencanaan Wilayah dan Kota', 4, '2024-07-29 14:51:44', '2024-07-29 14:51:44', 0),
(85, NULL, 77, 'R8', 'Kamis', '13:00-13:50', 'Perencanaan Wilayah dan Kota', 4, '2024-07-29 14:51:44', '2024-07-29 14:51:44', 0),
(86, NULL, 78, 'R15', 'Rabu', '10:30-11:20', 'Perencanaan Wilayah dan Kota', 4, '2024-07-29 14:51:44', '2024-07-29 14:51:44', 0),
(87, NULL, 78, 'R15', 'Rabu', '11:20-12:10', 'Perencanaan Wilayah dan Kota', 4, '2024-07-29 14:51:44', '2024-07-29 14:51:44', 0),
(88, NULL, 78, 'R15', 'Rabu', '13:00-13:50', 'Perencanaan Wilayah dan Kota', 4, '2024-07-29 14:51:44', '2024-07-29 14:51:44', 0),
(89, NULL, 79, 'R8', 'Rabu', '13:50-14:40', 'Perencanaan Wilayah dan Kota', 4, '2024-07-29 14:51:44', '2024-07-29 14:51:44', 0),
(90, NULL, 79, 'R8', 'Rabu', '14:40-15:30', 'Perencanaan Wilayah dan Kota', 4, '2024-07-29 14:51:44', '2024-07-29 14:51:44', 0),
(91, NULL, 80, 'R15', 'Kamis', '08:50-09:40', 'Perencanaan Wilayah dan Kota', 4, '2024-07-29 14:51:44', '2024-07-29 14:51:44', 0),
(92, NULL, 80, 'R15', 'Kamis', '09:40-10:30', 'Perencanaan Wilayah dan Kota', 4, '2024-07-29 14:51:44', '2024-07-29 14:51:44', 0),
(93, NULL, 80, 'R15', 'Kamis', '10:30-11:20', 'Perencanaan Wilayah dan Kota', 4, '2024-07-29 14:51:44', '2024-07-29 14:51:44', 0),
(94, NULL, 80, 'R15', 'Kamis', '11:20-12:10', 'Perencanaan Wilayah dan Kota', 4, '2024-07-29 14:51:44', '2024-07-29 14:51:44', 0),
(95, NULL, 80, 'R15', 'Kamis', '13:00-13:50', 'Perencanaan Wilayah dan Kota', 4, '2024-07-29 14:51:44', '2024-07-29 14:51:44', 0),
(96, NULL, 81, 'R8', 'Rabu', '08:50-09:40', 'Perencanaan Wilayah dan Kota', 4, '2024-07-29 14:51:44', '2024-07-29 14:51:44', 0),
(97, NULL, 81, 'R8', 'Rabu', '09:40-10:30', 'Perencanaan Wilayah dan Kota', 4, '2024-07-29 14:51:44', '2024-07-29 14:51:44', 0),
(98, NULL, 82, 'R9', 'Kamis', '13:00-13:50', 'Perencanaan Wilayah dan Kota', 4, '2024-07-29 14:51:44', '2024-07-29 14:51:44', 0),
(99, NULL, 82, 'R9', 'Kamis', '13:50-14:40', 'Perencanaan Wilayah dan Kota', 4, '2024-07-29 14:51:44', '2024-07-29 14:51:44', 0),
(100, NULL, 82, 'R9', 'Kamis', '14:40-15:30', 'Perencanaan Wilayah dan Kota', 4, '2024-07-29 14:51:44', '2024-07-29 14:51:44', 0),
(101, NULL, 83, 'R10', 'Jumat', '11:20-12:10', 'Perencanaan Wilayah dan Kota', 4, '2024-07-29 14:51:44', '2024-07-29 14:51:44', 0),
(102, NULL, 83, 'R10', 'Jumat', '13:00-13:50', 'Perencanaan Wilayah dan Kota', 4, '2024-07-29 14:51:44', '2024-07-29 14:51:44', 0),
(103, NULL, 83, 'R10', 'Jumat', '13:50-14:40', 'Perencanaan Wilayah dan Kota', 4, '2024-07-29 14:51:44', '2024-07-29 14:51:44', 0),
(104, NULL, 83, 'R10', 'Jumat', '14:40-15:30', 'Perencanaan Wilayah dan Kota', 4, '2024-07-29 14:51:44', '2024-07-29 14:51:44', 0),
(105, NULL, 84, 'R15', 'Selasa', '10:30-11:20', 'Perencanaan Wilayah dan Kota', 4, '2024-07-29 14:51:44', '2024-07-29 14:51:44', 0),
(106, NULL, 84, 'R15', 'Selasa', '11:20-12:10', 'Perencanaan Wilayah dan Kota', 4, '2024-07-29 14:51:44', '2024-07-29 14:51:44', 0),
(107, NULL, 85, 'R9', 'Rabu', '13:00-13:50', 'Perencanaan Wilayah dan Kota', 4, '2024-07-29 14:51:44', '2024-07-29 14:51:44', 0),
(108, NULL, 85, 'R9', 'Rabu', '13:50-14:40', 'Perencanaan Wilayah dan Kota', 4, '2024-07-29 14:51:44', '2024-07-29 14:51:44', 0),
(109, NULL, 86, 'R8', 'Senin', '09:40-10:30', 'Perencanaan Wilayah dan Kota', 4, '2024-07-29 14:51:44', '2024-07-29 14:51:44', 0),
(110, NULL, 86, 'R8', 'Senin', '10:30-11:20', 'Perencanaan Wilayah dan Kota', 4, '2024-07-29 14:51:44', '2024-07-29 14:51:44', 0),
(111, NULL, 86, 'R8', 'Senin', '11:20-12:10', 'Perencanaan Wilayah dan Kota', 4, '2024-07-29 14:51:44', '2024-07-29 14:51:44', 0),
(112, NULL, 86, 'R8', 'Senin', '13:00-13:50', 'Perencanaan Wilayah dan Kota', 4, '2024-07-29 14:51:45', '2024-07-29 14:51:45', 0),
(113, NULL, 86, 'R8', 'Senin', '13:50-14:40', 'Perencanaan Wilayah dan Kota', 4, '2024-07-29 14:51:45', '2024-07-29 14:51:45', 0),
(114, NULL, 87, 'R9', 'Senin', '09:40-10:30', 'Perencanaan Wilayah dan Kota', 4, '2024-07-29 14:51:45', '2024-07-29 14:51:45', 0),
(115, NULL, 87, 'R9', 'Senin', '10:30-11:20', 'Perencanaan Wilayah dan Kota', 4, '2024-07-29 14:51:45', '2024-07-29 14:51:45', 0),
(116, NULL, 87, 'R9', 'Senin', '11:20-12:10', 'Perencanaan Wilayah dan Kota', 4, '2024-07-29 14:51:45', '2024-07-29 14:51:45', 0),
(117, NULL, 88, 'R10', 'Senin', '08:00-08:50', 'Perencanaan Wilayah dan Kota', 4, '2024-07-29 14:51:45', '2024-07-29 14:51:45', 0),
(118, NULL, 88, 'R10', 'Senin', '08:50-09:40', 'Perencanaan Wilayah dan Kota', 4, '2024-07-29 14:51:45', '2024-07-29 14:51:45', 0),
(119, NULL, 88, 'R10', 'Senin', '09:40-10:30', 'Perencanaan Wilayah dan Kota', 4, '2024-07-29 14:51:45', '2024-07-29 14:51:45', 0),
(120, NULL, 88, 'R10', 'Senin', '10:30-11:20', 'Perencanaan Wilayah dan Kota', 4, '2024-07-29 14:51:45', '2024-07-29 14:51:45', 0),
(121, NULL, 61, 'R11', 'Rabu', '08:00-08:50', 'Arsitektur', 4, '2024-07-29 14:53:52', '2024-07-29 14:53:52', 0),
(122, NULL, 61, 'R11', 'Rabu', '08:50-09:40', 'Arsitektur', 4, '2024-07-29 14:53:52', '2024-07-29 14:53:52', 0),
(123, NULL, 62, 'R16', 'Kamis', '09:40-10:30', 'Arsitektur', 4, '2024-07-29 14:53:52', '2024-07-29 14:53:52', 0),
(124, NULL, 62, 'R16', 'Kamis', '10:30-11:20', 'Arsitektur', 4, '2024-07-29 14:53:52', '2024-07-29 14:53:52', 0),
(125, NULL, 62, 'R16', 'Kamis', '11:20-12:10', 'Arsitektur', 4, '2024-07-29 14:53:52', '2024-07-29 14:53:52', 0),
(126, NULL, 63, 'R13', 'Senin', '10:30-11:20', 'Arsitektur', 4, '2024-07-29 14:53:52', '2024-07-29 14:53:52', 0),
(127, NULL, 63, 'R13', 'Senin', '11:20-12:10', 'Arsitektur', 4, '2024-07-29 14:53:52', '2024-07-29 14:53:52', 0),
(128, NULL, 64, 'R13', 'Senin', '13:00-13:50', 'Arsitektur', 4, '2024-07-29 14:53:52', '2024-07-29 14:53:52', 0),
(129, NULL, 64, 'R13', 'Senin', '13:50-14:40', 'Arsitektur', 4, '2024-07-29 14:53:52', '2024-07-29 14:53:52', 0),
(130, NULL, 64, 'R13', 'Senin', '14:40-15:30', 'Arsitektur', 4, '2024-07-29 14:53:52', '2024-07-29 14:53:52', 0),
(131, NULL, 65, 'R16', 'Rabu', '08:50-09:40', 'Arsitektur', 4, '2024-07-29 14:53:52', '2024-07-29 14:53:52', 0),
(132, NULL, 65, 'R16', 'Rabu', '09:40-10:30', 'Arsitektur', 4, '2024-07-29 14:53:52', '2024-07-29 14:53:52', 0),
(133, NULL, 65, 'R16', 'Rabu', '10:30-11:20', 'Arsitektur', 4, '2024-07-29 14:53:52', '2024-07-29 14:53:52', 0),
(134, NULL, 66, 'R11', 'Rabu', '09:40-10:30', 'Arsitektur', 4, '2024-07-29 14:53:52', '2024-07-29 14:53:52', 0),
(135, NULL, 66, 'R11', 'Rabu', '10:30-11:20', 'Arsitektur', 4, '2024-07-29 14:53:52', '2024-07-29 14:53:52', 0),
(136, NULL, 66, 'R11', 'Rabu', '11:20-12:10', 'Arsitektur', 4, '2024-07-29 14:53:52', '2024-07-29 14:53:52', 0),
(137, NULL, 67, 'R13', 'Jumat', '08:00-08:50', 'Arsitektur', 4, '2024-07-29 14:53:52', '2024-07-29 14:53:52', 0),
(138, NULL, 67, 'R13', 'Jumat', '08:50-09:40', 'Arsitektur', 4, '2024-07-29 14:53:52', '2024-07-29 14:53:52', 0),
(139, NULL, 68, 'R12', 'Rabu', '08:00-08:50', 'Arsitektur', 4, '2024-07-29 14:53:52', '2024-07-29 14:53:52', 0),
(140, NULL, 68, 'R12', 'Rabu', '08:50-09:40', 'Arsitektur', 4, '2024-07-29 14:53:52', '2024-07-29 14:53:52', 0),
(141, NULL, 68, 'R12', 'Rabu', '09:40-10:30', 'Arsitektur', 4, '2024-07-29 14:53:52', '2024-07-29 14:53:52', 0),
(142, NULL, 68, 'R12', 'Rabu', '10:30-11:20', 'Arsitektur', 4, '2024-07-29 14:53:53', '2024-07-29 14:53:53', 0),
(143, NULL, 69, 'R11', 'Kamis', '09:40-10:30', 'Arsitektur', 4, '2024-07-29 14:53:53', '2024-07-29 14:53:53', 0),
(144, NULL, 69, 'R11', 'Kamis', '10:30-11:20', 'Arsitektur', 4, '2024-07-29 14:53:53', '2024-07-29 14:53:53', 0),
(145, NULL, 69, 'R11', 'Kamis', '11:20-12:10', 'Arsitektur', 4, '2024-07-29 14:53:53', '2024-07-29 14:53:53', 0),
(146, NULL, 69, 'R11', 'Kamis', '13:00-13:50', 'Arsitektur', 4, '2024-07-29 14:53:53', '2024-07-29 14:53:53', 0),
(147, NULL, 69, 'R11', 'Kamis', '13:50-14:40', 'Arsitektur', 4, '2024-07-29 14:53:53', '2024-07-29 14:53:53', 0),
(148, NULL, 69, 'R11', 'Kamis', '14:40-15:30', 'Arsitektur', 4, '2024-07-29 14:53:53', '2024-07-29 14:53:53', 0),
(149, NULL, 70, 'R16', 'Selasa', '08:50-09:40', 'Arsitektur', 4, '2024-07-29 14:53:53', '2024-07-29 14:53:53', 0),
(150, NULL, 70, 'R16', 'Selasa', '09:40-10:30', 'Arsitektur', 4, '2024-07-29 14:53:53', '2024-07-29 14:53:53', 0),
(151, NULL, 70, 'R16', 'Selasa', '10:30-11:20', 'Arsitektur', 4, '2024-07-29 14:53:53', '2024-07-29 14:53:53', 0),
(152, NULL, 70, 'R16', 'Selasa', '11:20-12:10', 'Arsitektur', 4, '2024-07-29 14:53:53', '2024-07-29 14:53:53', 0),
(153, NULL, 70, 'R16', 'Selasa', '13:00-13:50', 'Arsitektur', 4, '2024-07-29 14:53:53', '2024-07-29 14:53:53', 0),
(154, NULL, 70, 'R16', 'Selasa', '13:50-14:40', 'Arsitektur', 4, '2024-07-29 14:53:53', '2024-07-29 14:53:53', 0),
(155, NULL, 32, 'R2', 'Rabu', '08:50-09:40', 'Sipil', 4, '2024-07-29 15:04:33', '2024-07-29 15:04:33', 0),
(156, NULL, 32, 'R2', 'Rabu', '09:40-10:30', 'Sipil', 4, '2024-07-29 15:04:33', '2024-07-29 15:04:33', 0),
(157, NULL, 32, 'R2', 'Rabu', '10:30-11:20', 'Sipil', 4, '2024-07-29 15:04:33', '2024-07-29 15:04:33', 0),
(158, NULL, 33, 'R2', 'Senin', '08:00-08:50', 'Sipil', 4, '2024-07-29 15:04:33', '2024-07-29 15:04:33', 0),
(159, NULL, 33, 'R2', 'Senin', '08:50-09:40', 'Sipil', 4, '2024-07-29 15:04:33', '2024-07-29 15:04:33', 0),
(160, NULL, 34, 'R4', 'Senin', '08:50-09:40', 'Sipil', 4, '2024-07-29 15:04:33', '2024-07-29 15:04:33', 0),
(161, NULL, 34, 'R4', 'Senin', '09:40-10:30', 'Sipil', 4, '2024-07-29 15:04:33', '2024-07-29 15:04:33', 0),
(162, NULL, 35, 'R4', 'Jumat', '11:20-12:10', 'Sipil', 4, '2024-07-29 15:04:33', '2024-07-29 15:04:33', 0),
(163, NULL, 35, 'R4', 'Jumat', '13:00-13:50', 'Sipil', 4, '2024-07-29 15:04:33', '2024-07-29 15:04:33', 0),
(164, NULL, 35, 'R4', 'Jumat', '13:50-14:40', 'Sipil', 4, '2024-07-29 15:04:33', '2024-07-29 15:04:33', 0),
(165, NULL, 36, 'R3', 'Selasa', '09:40-10:30', 'Sipil', 4, '2024-07-29 15:04:33', '2024-07-29 15:04:33', 0),
(166, NULL, 36, 'R3', 'Selasa', '10:30-11:20', 'Sipil', 4, '2024-07-29 15:04:33', '2024-07-29 15:04:33', 0),
(167, NULL, 36, 'R3', 'Selasa', '11:20-12:10', 'Sipil', 4, '2024-07-29 15:04:33', '2024-07-29 15:04:33', 0),
(168, NULL, 37, 'R4', 'Rabu', '08:00-08:50', 'Sipil', 4, '2024-07-29 15:04:33', '2024-07-29 15:04:33', 0),
(169, NULL, 37, 'R4', 'Rabu', '08:50-09:40', 'Sipil', 4, '2024-07-29 15:04:33', '2024-07-29 15:04:33', 0),
(170, NULL, 37, 'R4', 'Rabu', '09:40-10:30', 'Sipil', 4, '2024-07-29 15:04:34', '2024-07-29 15:04:34', 0),
(171, NULL, 38, 'R4', 'Kamis', '09:40-10:30', 'Sipil', 4, '2024-07-29 15:04:34', '2024-07-29 15:04:34', 0),
(172, NULL, 38, 'R4', 'Kamis', '10:30-11:20', 'Sipil', 4, '2024-07-29 15:04:34', '2024-07-29 15:04:34', 0),
(173, NULL, 38, 'R4', 'Kamis', '11:20-12:10', 'Sipil', 4, '2024-07-29 15:04:34', '2024-07-29 15:04:34', 0),
(174, NULL, 39, 'R3', 'Senin', '08:50-09:40', 'Sipil', 4, '2024-07-29 15:04:34', '2024-07-29 15:04:34', 0),
(175, NULL, 39, 'R3', 'Senin', '09:40-10:30', 'Sipil', 4, '2024-07-29 15:04:34', '2024-07-29 15:04:34', 0),
(176, NULL, 40, 'R3', 'Rabu', '13:00-13:50', 'Sipil', 4, '2024-07-29 15:04:34', '2024-07-29 15:04:34', 0),
(177, NULL, 40, 'R3', 'Rabu', '13:50-14:40', 'Sipil', 4, '2024-07-29 15:04:34', '2024-07-29 15:04:34', 0),
(178, NULL, 40, 'R3', 'Rabu', '14:40-15:30', 'Sipil', 4, '2024-07-29 15:04:34', '2024-07-29 15:04:34', 0),
(179, NULL, 41, 'R2', 'Jumat', '09:40-10:30', 'Sipil', 4, '2024-07-29 15:04:34', '2024-07-29 15:04:34', 0),
(180, NULL, 41, 'R2', 'Jumat', '10:30-11:20', 'Sipil', 4, '2024-07-29 15:04:34', '2024-07-29 15:04:34', 0),
(181, NULL, 42, 'R1', 'Selasa', '08:00-08:50', 'Sipil', 4, '2024-07-29 15:04:34', '2024-07-29 15:04:34', 0),
(182, NULL, 42, 'R1', 'Selasa', '08:50-09:40', 'Sipil', 4, '2024-07-29 15:04:34', '2024-07-29 15:04:34', 0),
(183, NULL, 42, 'R1', 'Selasa', '09:40-10:30', 'Sipil', 4, '2024-07-29 15:04:34', '2024-07-29 15:04:34', 0),
(184, NULL, 43, 'R2', 'Senin', '11:20-12:10', 'Sipil', 4, '2024-07-29 15:04:34', '2024-07-29 15:04:34', 0),
(185, NULL, 43, 'R2', 'Senin', '13:00-13:50', 'Sipil', 4, '2024-07-29 15:04:34', '2024-07-29 15:04:34', 0),
(186, NULL, 44, 'R1', 'Jumat', '13:00-13:50', 'Sipil', 4, '2024-07-29 15:04:34', '2024-07-29 15:04:34', 0),
(187, NULL, 44, 'R1', 'Jumat', '13:50-14:40', 'Sipil', 4, '2024-07-29 15:04:34', '2024-07-29 15:04:34', 0),
(188, NULL, 45, 'R1', 'Senin', '08:50-09:40', 'Sipil', 4, '2024-07-29 15:04:34', '2024-07-29 15:04:34', 0),
(189, NULL, 45, 'R1', 'Senin', '09:40-10:30', 'Sipil', 4, '2024-07-29 15:04:34', '2024-07-29 15:04:34', 0),
(190, NULL, 45, 'R1', 'Senin', '10:30-11:20', 'Sipil', 4, '2024-07-29 15:04:34', '2024-07-29 15:04:34', 0),
(191, NULL, 46, 'R3', 'Rabu', '08:00-08:50', 'Sipil', 4, '2024-07-29 15:04:34', '2024-07-29 15:04:34', 0),
(192, NULL, 47, 'R1', 'Kamis', '09:40-10:30', 'Sipil', 4, '2024-07-29 15:04:34', '2024-07-29 15:04:34', 0),
(193, NULL, 47, 'R1', 'Kamis', '10:30-11:20', 'Sipil', 4, '2024-07-29 15:04:34', '2024-07-29 15:04:34', 0),
(194, NULL, 48, 'R3', 'Selasa', '08:00-08:50', 'Sipil', 4, '2024-07-29 15:04:34', '2024-07-29 15:04:34', 0),
(195, NULL, 48, 'R3', 'Selasa', '08:50-09:40', 'Sipil', 4, '2024-07-29 15:04:34', '2024-07-29 15:04:34', 0),
(196, NULL, 49, 'R2', 'Rabu', '13:50-14:40', 'Sipil', 4, '2024-07-29 15:04:34', '2024-07-29 15:04:34', 0),
(197, NULL, 49, 'R2', 'Rabu', '14:40-15:30', 'Sipil', 4, '2024-07-29 15:04:34', '2024-07-29 15:04:34', 0),
(198, NULL, 50, 'R3', 'Jumat', '08:50-09:40', 'Sipil', 4, '2024-07-29 15:04:34', '2024-07-29 15:04:34', 0),
(199, NULL, 50, 'R3', 'Jumat', '09:40-10:30', 'Sipil', 4, '2024-07-29 15:04:34', '2024-07-29 15:04:34', 0),
(200, NULL, 50, 'R3', 'Jumat', '10:30-11:20', 'Sipil', 4, '2024-07-29 15:04:34', '2024-07-29 15:04:34', 0),
(201, NULL, 51, 'R2', 'Senin', '09:40-10:30', 'Sipil', 4, '2024-07-29 15:04:34', '2024-07-29 15:04:34', 0),
(202, NULL, 51, 'R2', 'Senin', '10:30-11:20', 'Sipil', 4, '2024-07-29 15:04:34', '2024-07-29 15:04:34', 0),
(203, NULL, 52, 'R1', 'Rabu', '09:40-10:30', 'Sipil', 4, '2024-07-29 15:04:34', '2024-07-29 15:04:34', 0),
(204, NULL, 52, 'R1', 'Rabu', '10:30-11:20', 'Sipil', 4, '2024-07-29 15:04:34', '2024-07-29 15:04:34', 0),
(205, NULL, 53, 'R4', 'Senin', '13:50-14:40', 'Sipil', 4, '2024-07-29 15:04:34', '2024-07-29 15:04:34', 0),
(206, NULL, 53, 'R4', 'Senin', '14:40-15:30', 'Sipil', 4, '2024-07-29 15:04:34', '2024-07-29 15:04:34', 0),
(207, NULL, 54, 'R3', 'Jumat', '11:20-12:10', 'Sipil', 4, '2024-07-29 15:04:34', '2024-07-29 15:04:34', 0),
(208, NULL, 54, 'R3', 'Jumat', '13:00-13:50', 'Sipil', 4, '2024-07-29 15:04:34', '2024-07-29 15:04:34', 0),
(209, NULL, 55, 'R1', 'Selasa', '13:50-14:40', 'Sipil', 4, '2024-07-29 15:04:34', '2024-07-29 15:04:34', 0),
(210, NULL, 55, 'R1', 'Selasa', '14:40-15:30', 'Sipil', 4, '2024-07-29 15:04:34', '2024-07-29 15:04:34', 0),
(211, NULL, 56, 'R4', 'Selasa', '08:50-09:40', 'Sipil', 4, '2024-07-29 15:04:35', '2024-07-29 15:04:35', 0),
(212, NULL, 56, 'R4', 'Selasa', '09:40-10:30', 'Sipil', 4, '2024-07-29 15:04:35', '2024-07-29 15:04:35', 0),
(213, NULL, 57, 'R1', 'Selasa', '10:30-11:20', 'Sipil', 4, '2024-07-29 15:04:35', '2024-07-29 15:04:35', 0),
(214, NULL, 58, 'R3', 'Rabu', '10:30-11:20', 'Sipil', 4, '2024-07-29 15:04:35', '2024-07-29 15:04:35', 0),
(215, NULL, 58, 'R3', 'Rabu', '11:20-12:10', 'Sipil', 4, '2024-07-29 15:04:35', '2024-07-29 15:04:35', 0),
(216, NULL, 59, 'R4', 'Jumat', '08:00-08:50', 'Sipil', 4, '2024-07-29 15:04:35', '2024-07-29 15:04:35', 0),
(217, NULL, 59, 'R4', 'Jumat', '08:50-09:40', 'Sipil', 4, '2024-07-29 15:04:35', '2024-07-29 15:04:35', 0),
(218, NULL, 60, 'R2', 'Jumat', '13:50-14:40', 'Sipil', 4, '2024-07-29 15:04:35', '2024-07-29 15:04:35', 0),
(219, NULL, 60, 'R2', 'Jumat', '14:40-15:30', 'Sipil', 4, '2024-07-29 15:04:35', '2024-07-29 15:04:35', 0),
(220, NULL, 90, '5', 'Rabu', '11:20-12:10', 'Informatika', 5, '2024-07-29 18:00:38', '2024-07-29 18:00:38', 0),
(221, NULL, 90, '5', 'Rabu', '13:00-13:50', 'Informatika', 5, '2024-07-29 18:00:38', '2024-07-29 18:00:38', 0),
(222, NULL, 90, '5', 'Rabu', '13:50-14:40', 'Informatika', 5, '2024-07-29 18:00:38', '2024-07-29 18:00:38', 0),
(223, NULL, 91, '5', 'Selasa', '13:50-14:40', 'Informatika', 5, '2024-07-29 18:00:38', '2024-07-29 18:00:38', 0),
(224, NULL, 91, '5', 'Selasa', '14:40-15:30', 'Informatika', 5, '2024-07-29 18:00:38', '2024-07-29 18:00:38', 0),
(225, NULL, 92, '6', 'Jumat', '14:40-15:30', 'Informatika', 5, '2024-07-29 18:00:38', '2024-07-29 18:00:38', 0),
(226, NULL, 93, '7', 'Rabu', '11:20-12:10', 'Informatika', 5, '2024-07-29 18:00:38', '2024-07-29 18:00:38', 0),
(227, NULL, 93, '7', 'Rabu', '13:00-13:50', 'Informatika', 5, '2024-07-29 18:00:38', '2024-07-29 18:00:38', 0),
(228, NULL, 94, '7', 'Rabu', '13:50-14:40', 'Informatika', 5, '2024-07-29 18:00:38', '2024-07-29 18:00:38', 0),
(229, NULL, 95, '14', 'Rabu', '08:00-08:50', 'Informatika', 5, '2024-07-29 18:00:38', '2024-07-29 18:00:38', 0),
(230, NULL, 95, '14', 'Rabu', '08:50-09:40', 'Informatika', 5, '2024-07-29 18:00:38', '2024-07-29 18:00:38', 0),
(231, NULL, 96, '14', 'Rabu', '09:40-10:30', 'Informatika', 5, '2024-07-29 18:00:38', '2024-07-29 18:00:38', 0),
(232, NULL, 97, '5', 'Kamis', '08:50-09:40', 'Informatika', 5, '2024-07-29 18:00:38', '2024-07-29 18:00:38', 0),
(233, NULL, 97, '5', 'Kamis', '09:40-10:30', 'Informatika', 5, '2024-07-29 18:00:38', '2024-07-29 18:00:38', 0),
(234, NULL, 97, '5', 'Kamis', '10:30-11:20', 'Informatika', 5, '2024-07-29 18:00:38', '2024-07-29 18:00:38', 0),
(235, NULL, 98, '6', 'Senin', '11:20-12:10', 'Informatika', 5, '2024-07-29 18:00:38', '2024-07-29 18:00:38', 0),
(236, NULL, 98, '6', 'Senin', '13:00-13:50', 'Informatika', 5, '2024-07-29 18:00:38', '2024-07-29 18:00:38', 0),
(237, NULL, 99, '6', 'Senin', '13:50-14:40', 'Informatika', 5, '2024-07-29 18:00:38', '2024-07-29 18:00:38', 0),
(238, NULL, 100, 'bph2', 'Selasa', '13:50-14:40', 'Umum', 5, '2024-07-29 18:00:38', '2024-07-29 18:00:38', 0),
(239, NULL, 100, 'bph2', 'Selasa', '14:40-15:30', 'Umum', 5, '2024-07-29 18:00:38', '2024-07-29 18:00:38', 0),
(240, NULL, 101, 'bph2', 'Rabu', '08:00-08:50', 'Umum', 5, '2024-07-29 18:00:38', '2024-07-29 18:00:38', 0),
(241, NULL, 101, 'bph2', 'Rabu', '08:50-09:40', 'Umum', 5, '2024-07-29 18:00:38', '2024-07-29 18:00:38', 0),
(242, NULL, 102, 'bph2', 'Kamis', '08:00-08:50', 'Umum', 5, '2024-07-29 18:00:38', '2024-07-29 18:00:38', 0),
(243, NULL, 102, 'bph2', 'Kamis', '08:50-09:40', 'Umum', 5, '2024-07-29 18:00:38', '2024-07-29 18:00:38', 0),
(244, NULL, 103, 'bph2', 'Kamis', '09:40-10:30', 'Umum', 5, '2024-07-29 18:00:38', '2024-07-29 18:00:38', 0),
(245, NULL, 103, 'bph2', 'Kamis', '10:30-11:20', 'Umum', 5, '2024-07-29 18:00:38', '2024-07-29 18:00:38', 0),
(246, NULL, 104, 'bph2', 'Senin', '09:40-10:30', 'Umum', 5, '2024-07-29 18:00:38', '2024-07-29 18:00:38', 0),
(247, NULL, 104, 'bph2', 'Senin', '10:30-11:20', 'Umum', 5, '2024-07-29 18:00:39', '2024-07-29 18:00:39', 0),
(248, NULL, 105, '11', 'Kamis', '13:00-13:50', 'Arsitektur', 5, '2024-07-29 18:27:40', '2024-07-29 18:27:40', 0),
(249, NULL, 105, '11', 'Kamis', '13:50-14:40', 'Arsitektur', 5, '2024-07-29 18:27:40', '2024-07-29 18:27:40', 0),
(250, NULL, 105, '11', 'Kamis', '14:40-15:30', 'Arsitektur', 5, '2024-07-29 18:27:40', '2024-07-29 18:27:40', 0),
(251, NULL, 106, '16', 'Selasa', '08:00-08:50', 'Arsitektur', 5, '2024-07-29 18:27:40', '2024-07-29 18:27:40', 0),
(252, NULL, 106, '16', 'Selasa', '08:50-09:40', 'Arsitektur', 5, '2024-07-29 18:27:41', '2024-07-29 18:27:41', 0),
(253, NULL, 106, '16', 'Selasa', '09:40-10:30', 'Arsitektur', 5, '2024-07-29 18:27:41', '2024-07-29 18:27:41', 0),
(254, NULL, 107, '16', 'Senin', '08:00-08:50', 'Arsitektur', 5, '2024-07-29 18:27:41', '2024-07-29 18:27:41', 0),
(255, NULL, 107, '16', 'Senin', '08:50-09:40', 'Arsitektur', 5, '2024-07-29 18:27:41', '2024-07-29 18:27:41', 0),
(256, NULL, 108, '13', 'Senin', '11:20-12:10', 'Arsitektur', 5, '2024-07-29 18:27:41', '2024-07-29 18:27:41', 0),
(257, NULL, 108, '13', 'Senin', '13:00-13:50', 'Arsitektur', 5, '2024-07-29 18:27:41', '2024-07-29 18:27:41', 0),
(258, NULL, 108, '13', 'Senin', '13:50-14:40', 'Arsitektur', 5, '2024-07-29 18:27:41', '2024-07-29 18:27:41', 0),
(259, NULL, 109, '11', 'Rabu', '08:50-09:40', 'Arsitektur', 5, '2024-07-29 18:27:41', '2024-07-29 18:27:41', 0),
(260, NULL, 109, '11', 'Rabu', '09:40-10:30', 'Arsitektur', 5, '2024-07-29 18:27:41', '2024-07-29 18:27:41', 0),
(261, NULL, 110, '13', 'Kamis', '08:00-08:50', 'Arsitektur', 5, '2024-07-29 18:27:41', '2024-07-29 18:27:41', 0),
(262, NULL, 110, '13', 'Kamis', '08:50-09:40', 'Arsitektur', 5, '2024-07-29 18:27:41', '2024-07-29 18:27:41', 0),
(263, NULL, 110, '13', 'Kamis', '09:40-10:30', 'Arsitektur', 5, '2024-07-29 18:27:41', '2024-07-29 18:27:41', 0),
(264, NULL, 110, '13', 'Kamis', '10:30-11:20', 'Arsitektur', 5, '2024-07-29 18:27:41', '2024-07-29 18:27:41', 0),
(265, NULL, 110, '13', 'Kamis', '11:20-12:10', 'Arsitektur', 5, '2024-07-29 18:27:41', '2024-07-29 18:27:41', 0),
(266, NULL, 110, '13', 'Kamis', '13:00-13:50', 'Arsitektur', 5, '2024-07-29 18:27:41', '2024-07-29 18:27:41', 0);

-- --------------------------------------------------------

--
-- Table structure for table `kelas`
--

CREATE TABLE `kelas` (
  `id` bigint(20) UNSIGNED NOT NULL,
  `kd_matkul` varchar(255) COLLATE utf8mb4_unicode_ci NOT NULL,
  `nidn1` varchar(255) COLLATE utf8mb4_unicode_ci NOT NULL,
  `nidn2` varchar(255) COLLATE utf8mb4_unicode_ci DEFAULT NULL,
  `nidn3` varchar(255) COLLATE utf8mb4_unicode_ci DEFAULT NULL,
  `nidn4` varchar(255) COLLATE utf8mb4_unicode_ci DEFAULT NULL,
  `prodi` varchar(255) COLLATE utf8mb4_unicode_ci NOT NULL,
  `jmlh_mhs` int(11) DEFAULT NULL,
  `tahun_ajaran_id` bigint(20) UNSIGNED NOT NULL,
  `created_at` timestamp NULL DEFAULT NULL,
  `updated_at` timestamp NULL DEFAULT NULL
) ENGINE=InnoDB DEFAULT CHARSET=utf8mb4 COLLATE=utf8mb4_unicode_ci;

--
-- Dumping data for table `kelas`
--

INSERT INTO `kelas` (`id`, `kd_matkul`, `nidn1`, `nidn2`, `nidn3`, `nidn4`, `prodi`, `jmlh_mhs`, `tahun_ajaran_id`, `created_at`, `updated_at`) VALUES
(1, '21UMB0003', '1103019003', NULL, NULL, NULL, 'Umum', 35, 4, '2024-07-17 19:58:36', '2024-07-17 19:58:36'),
(2, '21UMB0002', '1129097901', NULL, NULL, NULL, 'Umum', 35, 4, '2024-07-17 19:59:20', '2024-07-17 19:59:20'),
(3, '21UMB0005', '1129097901', NULL, NULL, NULL, 'Umum', 35, 4, '2024-07-17 19:59:38', '2024-07-17 19:59:38'),
(4, '21UMB0007', '1107069002', NULL, NULL, NULL, 'Umum', 35, 4, '2024-07-17 19:59:55', '2024-07-17 19:59:55'),
(5, '21UMB0009', '1107069002', NULL, NULL, NULL, 'Umum', 35, 4, '2024-07-17 20:00:12', '2024-07-17 20:00:12'),
(6, '21FTK0001', '0007118502', NULL, NULL, NULL, 'Umum', 35, 4, '2024-07-17 20:00:45', '2024-07-17 20:00:45'),
(7, '21FTK0003', '1112068401', NULL, NULL, NULL, 'Umum', 35, 4, '2024-07-17 20:01:06', '2024-07-17 20:01:06'),
(8, '21INF5201', '1112068401', NULL, NULL, NULL, 'Informatika', 35, 4, '2024-07-17 20:02:00', '2024-07-17 20:02:00'),
(9, '21INF1201', '1126107902', NULL, NULL, NULL, 'Informatika', 35, 4, '2024-07-17 20:07:55', '2024-07-17 20:07:55'),
(10, '21INF1202', '1130099001', NULL, NULL, NULL, 'Informatika', 35, 4, '2024-07-17 20:08:18', '2024-07-17 20:08:18'),
(11, '21INF1203', '1126038901', NULL, NULL, NULL, 'Informatika', 35, 4, '2024-07-17 20:08:46', '2024-07-17 20:08:46'),
(12, '21INF1204', '1126038901', NULL, NULL, NULL, 'Informatika', 35, 4, '2024-07-17 20:09:03', '2024-07-17 20:09:03'),
(13, '21INF1205', '1104078601', NULL, NULL, NULL, 'Informatika', 35, 4, '2024-07-17 20:11:00', '2024-07-17 20:11:00'),
(14, '21INF1206', '1130099001', NULL, NULL, NULL, 'Informatika', 35, 4, '2024-07-17 20:13:09', '2024-07-17 20:13:09'),
(15, '21INF3201', '1110088901', NULL, NULL, NULL, 'Informatika', 35, 4, '2024-07-17 20:14:45', '2024-07-17 20:14:45'),
(16, '21INF3202', '1126038901', NULL, NULL, NULL, 'Informatika', 35, 4, '2024-07-17 20:15:45', '2024-07-17 20:15:45'),
(17, '21INF3203', '1129097901', NULL, NULL, NULL, 'Informatika', 35, 4, '2024-07-17 20:16:16', '2024-07-17 20:16:16'),
(18, '21INF3204', '1129097901', NULL, NULL, NULL, 'Informatika', 35, 4, '2024-07-17 20:16:46', '2024-07-17 20:16:46'),
(19, '21INF3205', '1117029001', NULL, NULL, NULL, 'Informatika', 35, 4, '2024-07-17 20:18:05', '2024-07-17 20:18:05'),
(20, '21INF3206', '1117029001', NULL, NULL, NULL, 'Informatika', 35, 4, '2024-07-17 20:18:19', '2024-07-17 20:18:19'),
(21, '21INF3207', '1130099001', NULL, NULL, NULL, 'Informatika', 35, 4, '2024-07-17 20:18:42', '2024-07-17 20:18:42'),
(22, '21INF3208', '1103029002', NULL, NULL, NULL, 'Informatika', 35, 4, '2024-07-17 20:19:17', '2024-07-17 20:19:17'),
(23, '21INF5202', '1112068401', NULL, NULL, NULL, 'Informatika', 35, 4, '2024-07-17 20:20:46', '2024-07-17 20:20:46'),
(24, '21INF5203', '2021048904', NULL, NULL, NULL, 'Informatika', 35, 4, '2024-07-17 20:21:09', '2024-07-17 20:21:09'),
(25, '21INF5204', '1104078601', NULL, NULL, NULL, 'Informatika', 35, 4, '2024-07-17 20:21:28', '2024-07-17 20:21:28'),
(26, '21INF5205', '1104078601', NULL, NULL, NULL, 'Informatika', 35, 4, '2024-07-17 20:21:49', '2024-07-17 20:21:49'),
(27, '21INF5206', '1103029002', NULL, NULL, NULL, 'Informatika', 35, 4, '2024-07-17 20:22:19', '2024-07-17 20:22:19'),
(28, '21INF5207', '1112068401', NULL, NULL, NULL, 'Informatika', 35, 4, '2024-07-17 20:22:42', '2024-07-17 20:22:42'),
(29, '21INF5208', '1104078601', NULL, NULL, NULL, 'Informatika', 35, 4, '2024-07-17 20:23:06', '2024-07-17 20:23:06'),
(30, 'INF7247', '1112068401', NULL, NULL, NULL, 'Informatika', 35, 4, '2024-07-17 20:24:29', '2024-07-17 20:24:29'),
(31, '21INF7202', '1104078601', NULL, NULL, NULL, 'Informatika', 35, 4, '2024-07-17 20:26:16', '2024-07-17 20:26:16'),
(32, '21SPL11003', '1113028902', NULL, NULL, NULL, 'Sipil', 22, 4, '2024-07-17 20:41:55', '2024-07-17 20:41:55'),
(33, '21SPL11001', '1102118902', NULL, NULL, NULL, 'Sipil', 22, 4, '2024-07-17 20:43:21', '2024-07-17 20:43:21'),
(34, '21SPL11002', '1102038801', NULL, NULL, NULL, 'Sipil', 22, 4, '2024-07-17 20:46:01', '2024-07-17 20:46:01'),
(35, '21SPL11004', '1102118902', NULL, NULL, NULL, 'Sipil', 22, 4, '2024-07-17 20:46:20', '2024-07-17 20:46:20'),
(36, '21SPL11006', '1109058901', NULL, NULL, NULL, 'Sipil', 22, 4, '2024-07-17 20:46:43', '2024-07-17 20:46:43'),
(37, '21SPL11005', '1113028902', NULL, NULL, NULL, 'Sipil', 22, 4, '2024-07-17 20:47:15', '2024-07-17 20:47:15'),
(38, '21SPL31015', '1113028902', NULL, NULL, NULL, 'Sipil', 22, 4, '2024-07-17 20:47:32', '2024-07-17 20:47:32'),
(39, '21SPL31016', '1102028502', NULL, NULL, NULL, 'Sipil', 22, 4, '2024-07-17 20:48:09', '2024-07-17 20:48:09'),
(40, '21SPL31017', '1102118902', NULL, NULL, NULL, 'Sipil', 22, 4, '2024-07-17 20:48:34', '2024-07-17 20:48:34'),
(41, '21SPL31018', '1109058901', NULL, NULL, NULL, 'Sipil', 22, 4, '2024-07-17 20:48:58', '2024-07-17 20:48:58'),
(42, '21SPL31019', '1113028902', NULL, NULL, NULL, 'Sipil', 22, 4, '2024-07-17 20:49:23', '2024-07-17 20:49:23'),
(43, '21SPL31020', '1119039301', NULL, NULL, NULL, 'Sipil', 22, 4, '2024-07-17 20:49:37', '2024-07-17 20:49:37'),
(44, '21SPL31021', '1119039301', NULL, NULL, NULL, 'Sipil', 22, 4, '2024-07-17 20:49:53', '2024-07-17 20:49:53'),
(45, '21SPL31022', '1102118902', NULL, NULL, NULL, 'Sipil', 22, 4, '2024-07-17 20:50:41', '2024-07-17 20:50:41'),
(46, '21SPL31023', '1109058901', NULL, NULL, NULL, 'Sipil', 22, 4, '2024-07-17 20:52:38', '2024-07-17 20:52:38'),
(47, '21SPL51034', '1109058901', NULL, NULL, NULL, 'Sipil', 22, 4, '2024-07-17 20:53:25', '2024-07-17 20:53:25'),
(48, '21SPL51035', '1102118902', NULL, NULL, NULL, 'Sipil', 35, 4, '2024-07-17 20:56:27', '2024-07-17 20:56:27'),
(49, '21SPL51035', '1102118902', NULL, NULL, NULL, 'Sipil', 35, 4, '2024-07-17 20:56:27', '2024-07-17 20:56:27'),
(50, '21SPL51036', '1126038901', NULL, NULL, NULL, 'Sipil', 22, 4, '2024-07-17 20:57:11', '2024-07-17 20:57:11'),
(51, '21SPL51037', '1102038801', NULL, NULL, NULL, 'Sipil', 22, 4, '2024-07-17 20:58:18', '2024-07-17 20:58:18'),
(52, '21SPL51038', '-', NULL, NULL, NULL, 'Sipil', 22, 4, '2024-07-17 20:59:38', '2024-07-17 20:59:38'),
(53, '21SPL51039', '1102118902', NULL, NULL, NULL, 'Sipil', 22, 4, '2024-07-17 21:00:04', '2024-07-17 21:00:04'),
(54, '21SPL51040', '-', NULL, NULL, NULL, 'Sipil', 22, 4, '2024-07-17 21:00:23', '2024-07-17 21:00:23'),
(55, '21SPL51041', '1119039301', NULL, NULL, NULL, 'Sipil', 22, 4, '2024-07-17 21:01:07', '2024-07-17 21:01:07'),
(56, '21SPL51042', '1102038801', NULL, NULL, NULL, 'Sipil', 22, 4, '2024-07-17 21:01:31', '2024-07-17 21:01:31'),
(57, '21SPL51043', '1113028902', NULL, NULL, NULL, 'Sipil', 22, 4, '2024-07-17 21:02:00', '2024-07-17 21:02:00'),
(58, '21SPL71055', '1109058901', NULL, NULL, NULL, 'Sipil', 22, 4, '2024-07-17 21:03:07', '2024-07-17 21:03:07'),
(59, 'SPL7153', '1102028502', NULL, NULL, NULL, 'Sipil', 22, 4, '2024-07-17 21:03:28', '2024-07-17 21:03:28'),
(60, 'SPL 1102', '1109058901', NULL, NULL, NULL, 'Sipil', 22, 4, '2024-07-17 21:03:54', '2024-07-17 21:03:54'),
(61, '21ARS1304', '1124108201', NULL, NULL, NULL, 'Arsitektur', 22, 4, '2024-07-17 21:29:08', '2024-07-17 21:29:08'),
(62, '21ARS1303', '1105069401', NULL, NULL, NULL, 'Arsitektur', 22, 4, '2024-07-17 21:30:07', '2024-07-17 21:30:07'),
(63, '21ARS3313', '1124108201', NULL, NULL, NULL, 'Arsitektur', 22, 4, '2024-07-17 21:30:48', '2024-07-17 21:30:48'),
(64, '21ARS3312', '1125099401', NULL, NULL, NULL, 'Arsitektur', 22, 4, '2024-07-17 21:31:20', '2024-07-17 21:31:20'),
(65, '21ARS3311', '1115018601', NULL, NULL, NULL, 'Arsitektur', 22, 4, '2024-07-17 21:32:44', '2024-07-17 21:32:44'),
(66, '21ARS1302', '1125099401', NULL, NULL, NULL, 'Arsitektur', 35, 4, '2024-07-17 21:33:57', '2024-07-17 21:33:57'),
(67, '21ARS1305', '1125099401', NULL, NULL, NULL, 'Arsitektur', 22, 4, '2024-07-17 21:34:40', '2024-07-17 21:34:40'),
(68, '21ARS1301', '1125099401', NULL, NULL, NULL, 'Arsitektur', 22, 4, '2024-07-17 21:35:27', '2024-07-17 21:35:27'),
(69, '21ARS3310', '1117118801', NULL, NULL, NULL, 'Arsitektur', 22, 4, '2024-07-17 21:37:04', '2024-07-17 21:37:04'),
(70, '21ARS3310', '1121098603', NULL, NULL, NULL, 'Arsitektur', 22, 4, '2024-07-17 21:37:44', '2024-07-17 21:37:44'),
(71, '22PWK1401', '1108048704', NULL, NULL, NULL, 'Perencanaan Wilayah dan Kota', 22, 4, '2024-07-17 21:42:49', '2024-07-17 21:42:49'),
(72, '22PWK1402', '1108038301', NULL, NULL, NULL, 'Perencanaan Wilayah dan Kota', 22, 4, '2024-07-17 21:43:17', '2024-07-17 21:43:17'),
(73, '22PWK1403', '1101098301', NULL, NULL, NULL, 'Perencanaan Wilayah dan Kota', 22, 4, '2024-07-17 21:43:58', '2024-07-17 21:43:58'),
(74, '22PWK1404', '1121028703', NULL, NULL, NULL, 'Perencanaan Wilayah dan Kota', 22, 4, '2024-07-17 21:46:39', '2024-07-17 21:46:39'),
(75, '22PWK1405', '3', NULL, NULL, NULL, 'Perencanaan Wilayah dan Kota', 22, 4, '2024-07-17 21:47:36', '2024-07-17 21:47:36'),
(76, '22PWK3411', '1129059001', NULL, NULL, NULL, 'Perencanaan Wilayah dan Kota', 22, 4, '2024-07-17 21:48:26', '2024-07-17 21:48:26'),
(77, '22PWK3412', '1108048704', NULL, NULL, NULL, 'Perencanaan Wilayah dan Kota', 22, 4, '2024-07-17 21:49:10', '2024-07-17 21:49:10'),
(78, '22PWK3413', '1121028703', NULL, NULL, NULL, 'Perencanaan Wilayah dan Kota', 22, 4, '2024-07-17 21:49:51', '2024-07-17 21:49:51'),
(79, '22PWK3414', '1101098301', NULL, NULL, NULL, 'Perencanaan Wilayah dan Kota', 22, 4, '2024-07-17 21:50:23', '2024-07-17 21:50:23'),
(80, '22PWK3415', '1129059001', NULL, NULL, NULL, 'Perencanaan Wilayah dan Kota', 22, 4, '2024-07-17 21:51:04', '2024-07-17 21:51:04'),
(81, '22PWK5423', '1129059001', NULL, NULL, NULL, 'Perencanaan Wilayah dan Kota', 22, 4, '2024-07-17 21:51:53', '2024-07-17 21:51:53'),
(82, '22PWK5424', '1108038301', NULL, NULL, NULL, 'Perencanaan Wilayah dan Kota', 22, 4, '2024-07-17 21:52:38', '2024-07-17 21:52:38'),
(83, '22PWK5425', '1108048704', NULL, NULL, NULL, 'Perencanaan Wilayah dan Kota', 22, 4, '2024-07-17 21:53:21', '2024-07-17 21:53:21'),
(84, '22PWK5426', '1117029201', NULL, NULL, NULL, 'Perencanaan Wilayah dan Kota', 22, 4, '2024-07-17 21:54:03', '2024-07-17 21:54:03'),
(85, '22PWK5427', '1101098301', NULL, NULL, NULL, 'Perencanaan Wilayah dan Kota', 22, 4, '2024-07-17 21:55:00', '2024-07-17 21:55:00'),
(86, '22PWK5428', '1108038301', NULL, NULL, NULL, 'Perencanaan Wilayah dan Kota', 22, 4, '2024-07-17 21:55:53', '2024-07-17 21:55:53'),
(87, '22PWK7444', '1117029201', NULL, NULL, NULL, 'Perencanaan Wilayah dan Kota', 22, 4, '2024-07-17 21:57:03', '2024-07-17 21:57:03'),
(88, '22PWK7445', '1121028703', NULL, NULL, NULL, 'Perencanaan Wilayah dan Kota', 22, 4, '2024-07-17 21:58:25', '2024-07-17 21:58:25'),
(89, 'INF6244', '1109058901', '1108048704', '1108038301', '1111068401', 'Informatika', 35, 4, '2024-07-19 07:37:56', '2024-07-19 07:37:56'),
(90, '21INF2201', '1112068401', NULL, NULL, NULL, 'Informatika', 35, 5, '2024-07-29 17:42:20', '2024-07-29 17:42:20'),
(91, '21INF2202', '1130099001', NULL, NULL, NULL, 'Informatika', 35, 5, '2024-07-29 17:44:05', '2024-07-29 17:44:05'),
(92, '21INF2203', '1130099001', NULL, NULL, NULL, 'Informatika', 35, 5, '2024-07-29 17:44:49', '2024-07-29 17:44:49'),
(93, '21INF2204', '1103029002', NULL, NULL, NULL, 'Informatika', 35, 5, '2024-07-29 17:45:54', '2024-07-29 17:45:54'),
(94, '21INF2205', '1103029002', NULL, NULL, NULL, 'Informatika', 35, 5, '2024-07-29 17:50:11', '2024-07-29 17:50:11'),
(95, '21INF2206', '1126038901', NULL, NULL, NULL, 'Informatika', 35, 5, '2024-07-29 17:51:50', '2024-07-29 17:51:50'),
(96, '21INF2207', '1126038901', NULL, NULL, NULL, 'Informatika', 35, 5, '2024-07-29 17:52:33', '2024-07-29 17:52:33'),
(97, '21INF2208', '1104078601', NULL, NULL, NULL, 'Informatika', 35, 5, '2024-07-29 17:53:41', '2024-07-29 17:53:41'),
(98, '21INF4201', '1126107902', NULL, NULL, NULL, 'Informatika', 35, 5, '2024-07-29 17:54:35', '2024-07-29 17:54:35'),
(99, '21INF4202', '1126107902', NULL, NULL, NULL, 'Informatika', 35, 5, '2024-07-29 17:55:24', '2024-07-29 17:55:24'),
(100, '21UMB0001', '1129097901', NULL, NULL, NULL, 'Umum', 35, 5, '2024-07-29 17:56:28', '2024-07-29 17:56:28'),
(101, '21UMB0008', '1107069002', NULL, NULL, NULL, 'Umum', 35, 5, '2024-07-29 17:57:22', '2024-07-29 17:57:22'),
(102, '21UMB0010', '1106088804', NULL, NULL, NULL, 'Umum', 35, 5, '2024-07-29 17:58:01', '2024-07-29 17:58:01'),
(103, '21UMB0004', '1119039301', NULL, NULL, NULL, 'Umum', 35, 5, '2024-07-29 17:58:38', '2024-07-29 17:58:38'),
(104, '21FTK0002', '1112068401', NULL, NULL, NULL, 'Umum', 35, 5, '2024-07-29 17:59:10', '2024-07-29 17:59:10'),
(105, '21ARS2309', '1125099401', '1105069401', NULL, NULL, 'Arsitektur', 22, 5, '2024-07-29 18:07:27', '2024-07-29 18:07:27'),
(106, '21ARS2307', '1115018601', '1125099401', NULL, NULL, 'Arsitektur', 22, 5, '2024-07-29 18:13:48', '2024-07-29 18:13:48'),
(107, '21ARS4316', '1125099401', '1117118801', NULL, NULL, 'Arsitektur', 22, 5, '2024-07-29 18:16:17', '2024-07-29 18:16:17'),
(108, '21ARS6328', '1124108201', '1121098603', '1117118801', NULL, 'Arsitektur', 22, 5, '2024-07-29 18:23:19', '2024-07-29 18:23:19'),
(109, '21ARS4317', '1125099401', '1105069401', NULL, NULL, 'Arsitektur', 22, 5, '2024-07-29 18:24:47', '2024-07-29 18:24:47'),
(110, '21ARS2306', '1125099401', '1115018601', '1102118902', NULL, 'Arsitektur', 22, 5, '2024-07-29 18:26:23', '2024-07-29 18:26:23');

-- --------------------------------------------------------

--
-- Table structure for table `matkul`
--

CREATE TABLE `matkul` (
  `kd_matkul` varchar(25) COLLATE utf8mb4_unicode_ci NOT NULL,
  `nm_matkul` varchar(255) COLLATE utf8mb4_unicode_ci NOT NULL,
  `semester` varchar(25) COLLATE utf8mb4_unicode_ci NOT NULL,
  `prodi` varchar(255) COLLATE utf8mb4_unicode_ci NOT NULL,
  `sks` varchar(255) COLLATE utf8mb4_unicode_ci DEFAULT NULL,
  `created_at` timestamp NULL DEFAULT NULL,
  `updated_at` timestamp NULL DEFAULT NULL
) ENGINE=InnoDB DEFAULT CHARSET=utf8mb4 COLLATE=utf8mb4_unicode_ci;

--
-- Dumping data for table `matkul`
--

INSERT INTO `matkul` (`kd_matkul`, `nm_matkul`, `semester`, `prodi`, `sks`, `created_at`, `updated_at`) VALUES
('21ARS1301', 'Studio Perancangan Arsitektur  1', '1', 'Arsitektur', '4', '2024-07-10 21:05:57', '2024-07-10 21:05:57'),
('21ARS1302', 'Teknologi Bahan', '1', 'Arsitektur', '3', '2024-05-29 10:53:21', '2024-07-10 07:53:13'),
('21ARS1303', 'Prinsip Gambar Arsitektur', '1', 'Arsitektur', '3', '2024-05-29 07:40:33', '2024-05-29 07:40:33'),
('21ARS1304', 'Studi Preseden', '1', 'Arsitektur', '2', '2024-07-10 21:00:14', '2024-07-10 21:00:14'),
('21ARS1305', 'Karir dan Kepemimpinan Arsitektur', '1', 'Arsitektur', '2', '2024-05-29 19:04:43', '2024-07-10 07:55:34'),
('21ARS2306', 'Studio Perancangan Arsitektur 2', '2', 'Arsitektur', '6', '2024-07-29 18:21:31', '2024-07-29 18:21:31'),
('21ARS2307', 'Reka Ruang, Struktur dan Konstruksi', '2', 'Arsitektur', '3', '2024-07-29 18:09:07', '2024-07-29 18:09:07'),
('21ARS2309', 'Metode Perancangan Arsitektur', '2', 'Arsitektur', '3', '2024-07-29 18:06:17', '2024-07-29 18:06:17'),
('21ARS3012', 'Komputasi Arsitektur', '3', 'Arsitektur', '3', '2024-05-29 18:58:15', '2024-05-29 18:58:15'),
('21ARS3310', 'Studio Perancangan Arsitektur  3', '3', 'Arsitektur', '6', '2024-07-10 21:10:30', '2024-07-15 21:21:09'),
('21ARS3311', 'Sains Arsitektur', '3', 'Arsitektur', '3', '2024-05-29 19:25:48', '2024-07-10 07:58:49'),
('21ARS3312', 'Komputasi Arsitektur', '3', 'Arsitektur', '3', '2024-07-15 21:26:27', '2024-07-15 21:26:27'),
('21ARS3313', 'Arsitektur Perilaku', '3', 'Arsitektur', '2', '2024-07-10 21:01:32', '2024-07-15 21:28:25'),
('21ARS4315', 'Integrasi Bangunan Gedung', '3', 'Arsitektur', '3', '2024-05-29 07:35:26', '2024-05-29 07:35:26'),
('21ARS4316', 'Pengantar Kajian Arsitektur', '4', 'Arsitektur', '2', '2024-07-29 18:10:56', '2024-07-29 18:10:56'),
('21ARS4317', 'Manajemen Arsitektur 1', '4', 'Arsitektur', '2', '2024-07-29 18:20:24', '2024-07-29 18:20:24'),
('21ARS5319', 'Studio Perancangan Arsitektur 5', '5', 'Arsitektur', '6', '2024-07-15 21:29:52', '2024-07-15 21:29:52'),
('21ARS5320', 'Desain Independen 1', '5', 'Arsitektur', '3', '2024-07-15 21:32:16', '2024-07-15 21:32:16'),
('21ARS5321', 'Kajian Arsitektur 1', '5', 'Arsitektur', '3', '2024-07-15 21:33:28', '2024-07-15 21:33:28'),
('21ARS5322', 'Manajemen Arsitektur 2', '5', 'Arsitektur', '3', '2024-07-15 21:34:12', '2024-07-15 21:34:12'),
('21ARS5323', 'Sejarah dan Teori Arsitektur 2', '5', 'Arsitektur', '2', '2024-07-15 21:35:31', '2024-07-15 21:35:31'),
('21ARS5324', 'Arsitektur Masyarakat', '5', 'Arsitektur', '2', '2024-07-15 21:36:35', '2024-07-15 21:36:35'),
('21ARS5325', 'Arsitektur dan Lingkungan Binaan', '5', 'Arsitektur', '2', '2024-07-15 21:37:27', '2024-07-15 21:37:27'),
('21ARS6328', 'Kajian Arsitektur 2', '6', 'Arsitektur', '3', '2024-07-29 18:19:09', '2024-07-29 18:19:09'),
('21ARS7330', 'Studio Perancangan Tematik', '7', 'Arsitektur', '6', '2024-07-15 21:38:56', '2024-07-15 21:38:56'),
('21ARS7331', 'Desain Independen 3', '7', 'Arsitektur', '3', '2024-07-15 21:39:52', '2024-07-15 21:39:52'),
('21ARS7332', 'Kajian Arsitektur 3', '7', 'Arsitektur', '3', '2024-07-15 21:40:43', '2024-07-15 21:40:43'),
('21FTK0001', 'Teknik Komunikasi', '1', 'Umum', '2', '2024-07-10 08:29:46', '2024-07-10 08:39:59'),
('21FTK0002', 'Pembangunan Berkelanjutan I', '2', 'Umum', '2', '2024-07-17 08:17:08', '2024-07-17 08:17:55'),
('21FTK0003', 'Pembangunan Berkelanjutan II', '3', 'Umum', '2', '2024-07-10 08:32:22', '2024-07-10 08:32:22'),
('21INF1201', 'Kalkulus', '1', 'Informatika', '3', '2024-05-21 07:21:18', '2024-05-29 18:28:50'),
('21INF1202', 'Teori Informasi', '1', 'Informatika', '2', '2024-05-21 05:36:02', '2024-07-10 08:40:59'),
('21INF1203', 'Dasar-Dasar Pemrograman', '1', 'Informatika', '2', '2024-05-21 07:19:49', '2024-07-10 08:41:40'),
('21INF1204', 'Praktikum Dasar Pemrograman', '1', 'Informatika', '1', '2024-05-21 04:44:42', '2024-06-19 05:23:14'),
('21INF1205', 'Organisasi dan Arsitektur Komputer', '1', 'Informatika', '3', '2024-05-21 07:16:31', '2024-05-29 18:17:42'),
('21INF1206', 'Komputer Aplikasi', '1', 'Informatika', '2', '2024-05-21 07:18:50', '2024-07-10 08:42:32'),
('21INF2201', 'Aljabar Linier', '2', 'Informatika', '3', '2024-07-17 08:47:52', '2024-07-17 08:47:52'),
('21INF2202', 'Pemrograman Berorientasi objek', '2', 'Informatika', '2', '2024-07-17 08:49:02', '2024-07-17 08:49:02'),
('21INF2203', 'Praktikum Pemrograman Berorientasi Objek', '2', 'Informatika', '1', '2024-07-17 08:49:51', '2024-07-17 08:49:51'),
('21INF2204', 'Basis Data 1', '2', 'Informatika', '2', '2024-05-21 05:23:08', '2024-07-17 08:53:44'),
('21INF2205', 'Praktikum Basis Data 1', '2', 'Informatika', '1', '2024-05-21 05:23:55', '2024-07-10 08:47:08'),
('21INF2206', 'Struktur Data dan Algoritma', '2', 'Informatika', '2', '2024-05-21 05:25:18', '2024-07-17 08:56:13'),
('21INF2207', 'Praktikum Struktur Data dan Algoritma', '2', 'Informatika', '1', '2024-05-21 05:26:27', '2024-07-10 08:47:25'),
('21INF2208', 'Sistem Digital', '2', 'Informatika', '3', '2024-05-21 05:24:30', '2024-05-29 09:45:47'),
('21INF3201', 'Matematika Diskrit', '3', 'Informatika', '2', '2024-05-21 07:22:03', '2024-07-10 09:21:51'),
('21INF3202', 'Statistika dan Probabilitas', '3', 'Informatika', '2', '2024-05-21 05:34:54', '2024-07-10 08:36:13'),
('21INF3203', 'Jaringan Komputer', '3', 'Informatika', '2', '2024-05-21 05:30:48', '2024-07-10 10:38:30'),
('21INF3204', 'Praktikum Jaringan Komputer', '3', 'Informatika', '1', '2024-05-21 05:35:05', '2024-07-10 08:47:35'),
('21INF3205', 'Pemrograman Web 1', '3', 'Informatika', '2', '2024-05-21 07:17:14', '2024-07-10 10:35:47'),
('21INF3206', 'Praktikum Pemrograman Web 1', '3', 'Informatika', '1', '2024-05-21 07:19:23', '2024-07-10 08:47:43'),
('21INF3207', 'Sistem Operasi', '3', 'Informatika', '2', '2024-05-21 07:15:51', '2024-07-10 10:39:22'),
('21INF3208', 'Basis Data 2', '3', 'Informatika', '2', '2024-05-21 07:21:30', '2024-07-10 10:34:44'),
('21INF4201', 'Pemrograman Web  2', '4', 'Informatika', '2', '2024-07-17 09:00:21', '2024-07-17 09:00:21'),
('21INF4202', 'Praktikum Pemrograman Web 2', '4', 'Informatika', '1', '2024-07-17 09:01:03', '2024-07-17 09:01:03'),
('21INF4203', 'Pemrograman Mobile', '4', 'Informatika', '2', '2024-07-17 09:02:06', '2024-07-17 09:02:06'),
('21INF4204', 'Praktikum Pemrograman Mobile', '4', 'Informatika', '1', '2024-07-17 09:02:29', '2024-07-17 09:02:29'),
('21INF4205', 'Komputasi Awan', '4', 'Informatika', '2', '2024-07-17 09:06:11', '2024-07-17 09:06:11'),
('21INF4206', 'Sistem Cerdas', '4', 'Informatika', '3', '2024-07-17 09:06:37', '2024-07-17 09:06:37'),
('21INF4207', 'Kecerdasan Buatan  Dasar', '4', 'Informatika', '3', '2024-07-17 09:07:03', '2024-07-17 09:07:03'),
('21INF4208', 'Interaksi Manusia dan Komputer', '4', 'Informatika', '3', '2024-05-21 05:21:51', '2024-05-29 09:40:35'),
('21INF5201', 'Rekayasa Perangkat Lunak', '5', 'Informatika', '3', '2024-05-21 07:20:44', '2024-05-29 18:27:54'),
('21INF5202', 'Metodologi Penelitian', '5', 'Informatika', '3', '2024-05-21 05:22:17', '2024-07-10 10:39:57'),
('21INF5203', 'Internet of Things', '5', 'Informatika', '3', '2024-07-10 09:43:04', '2024-07-10 09:43:04'),
('21INF5204', 'Pemrosesan Data Terdistribusi', '5', 'Informatika', '2', '2024-07-10 08:54:55', '2024-07-10 08:54:55'),
('21INF5205', 'Praktikum Pemrosesan Data Terdistribusi', '5', 'Informatika', '1', '2024-07-10 08:55:19', '2024-07-10 08:55:19'),
('21INF5206', 'Machine Learning', '5', 'Informatika', '3', '2024-07-10 09:31:17', '2024-07-10 09:31:17'),
('21INF5207', 'Data Warehouse', '5', 'Informatika', '2', '2024-07-10 09:35:41', '2024-07-10 09:35:41'),
('21INF5208', 'Perancangan User Experience', '5', 'Informatika', '2', '2024-07-10 09:13:31', '2024-07-10 09:13:31'),
('21INF6201', 'Expert System', '6', 'Informatika', '3', '2024-07-17 09:08:24', '2024-07-17 09:08:24'),
('21INF6202', 'Ilmu Data', '6', 'Informatika', '3', '2024-07-17 09:08:47', '2024-07-17 09:08:47'),
('21INF6203', 'Komputasi Hijau', '6', 'Informatika', '2', '2024-07-17 09:09:18', '2024-07-17 09:09:18'),
('21INF6204', 'Keamanan Data Dan Informasi', '6', 'Informatika', '3', '2024-07-17 09:10:18', '2024-07-17 09:10:18'),
('21INF6205', 'Pengolahan Citra  Digital', '6', 'Informatika', '3', '2024-07-17 09:10:53', '2024-07-17 09:10:53'),
('21INF6206', 'Kerja Praktek', '6', 'Informatika', '4', '2024-07-17 09:18:15', '2024-07-17 09:18:15'),
('21INF6207', 'Manajemen Proyek Perangkat Lunak', '6', 'Informatika', '3', '2024-07-17 09:19:14', '2024-07-17 09:19:14'),
('21INF7202', 'Komputer Dan Masyarakat', '7', 'Informatika', '2', '2024-07-10 09:01:48', '2024-07-10 09:01:48'),
('21INF8201', 'Tugas Akhir', '8', 'Informatika', '6', '2024-05-21 05:28:59', '2024-07-17 09:20:09'),
('21INF8203', 'Forensik Digital', '8', 'Informatika', '3', '2024-05-21 07:19:33', '2024-07-17 09:20:47'),
('21SPL1007', 'Matematika II', '2', 'Sipil', '3', '2024-05-21 16:27:22', '2024-05-29 09:55:40'),
('21SPL1008', 'Hidraulika', '2', 'Sipil', '3', '2024-05-21 16:28:00', '2024-05-29 09:55:59'),
('21SPL1009', 'Mekanika Bahan', '2', 'Sipil', '3', '2024-05-21 16:26:19', '2024-05-29 09:55:00'),
('21SPL1010', 'Dasar-dasar Rekayasa Transportasi', '2', 'Sipil', '3', '2024-05-21 16:29:11', '2024-05-29 09:56:28'),
('21SPL1011', 'Mekanika Tanah I', '2', 'Sipil', '3', '2024-05-21 16:24:01', '2024-05-29 09:54:29'),
('21SPL1012', 'Ilmu Ukur Tanah', '2', 'Sipil', '3', '2024-05-21 16:23:38', '2024-05-29 09:53:26'),
('21SPL1013', 'Hidrologi Terapan', '2', 'Sipil', '3', '2024-05-21 16:26:54', '2024-05-29 09:55:17'),
('21SPL1014', 'Praktek Ilmu Ukur Tanah', '2', 'Sipil', '3', '2024-05-21 16:29:59', '2024-05-29 09:58:32'),
('21SPL11001', 'Statika', '1', 'Sipil', '2', '2024-05-21 17:13:44', '2024-05-29 18:56:48'),
('21SPL11002', 'Fisika Teknik', '1', 'Sipil', '2', '2024-05-21 17:11:02', '2024-07-10 07:44:06'),
('21SPL11003', 'Matematika I', '1', 'Sipil', '3', '2024-05-21 17:12:29', '2024-05-29 18:55:35'),
('21SPL11004', 'Menggambar Teknik Dasar', '1', 'Sipil', '3', '2024-05-21 17:14:15', '2024-05-29 18:57:25'),
('21SPL11005', 'Statistika dan Probabilitas', '1', 'Sipil', '3', '2024-05-21 17:11:52', '2024-05-29 18:55:05'),
('21SPL11006', 'Teknologi Bahan', '1', 'Sipil', '3', '2024-05-21 17:13:05', '2024-05-29 18:56:02'),
('21SPL31015', 'Matematika III', '3', 'Sipil', '3', '2024-05-21 17:04:05', '2024-05-29 18:44:26'),
('21SPL31016', 'Analisa Struktur I', '3', 'Sipil', '2', '2024-05-21 17:04:58', '2024-05-29 18:45:47'),
('21SPL31017', 'Struktur Beton Bertulang I', '3', 'Sipil', '3', '2024-05-21 17:04:25', '2024-05-29 18:45:12'),
('21SPL31018', 'Mekanika Tanah II', '3', 'Sipil', '2', '2024-05-21 17:02:03', '2024-05-29 18:40:05'),
('21SPL31019', 'Rekayasa Lalu Lintas', '3', 'Sipil', '3', '2024-05-21 17:06:37', '2024-05-29 18:46:44'),
('21SPL31020', 'Drainase Perkotaan', '3', 'Sipil', '2', '2024-05-21 17:07:31', '2024-05-29 18:48:07'),
('21SPL31021', 'Praktek Hidraulika I', '3', 'Sipil', '2', '2024-05-21 17:08:09', '2024-05-29 18:48:38'),
('21SPL31022', 'Praktek TBK I', '3', 'Sipil', '3', '2024-05-21 17:09:13', '2024-05-29 18:49:06'),
('21SPL31023', 'Praktek Mekanika Tanah I', '3', 'Sipil', '1', '2024-05-29 18:53:31', '2024-07-17 20:52:09'),
('21SPL41026', 'Struktur Baja I', '4', 'Sipil', '3', '2024-05-21 16:36:57', '2024-05-29 10:06:18'),
('21SPL41028', 'Struktur Beton Bertulang II', '4', 'Sipil', '3', '2024-05-21 16:32:34', '2024-05-29 09:59:15'),
('21SPL41032', 'Praktek Mekanika Tanah II', '3', 'Sipil', '2', '2024-05-21 17:03:37', '2024-05-29 18:43:17'),
('21SPL41033', 'Praktikum Teknologi Bahan II', '4', 'Sipil', '3', '2024-05-21 16:42:18', '2024-05-29 10:20:32'),
('21SPL51034', 'Metodologi Penelitian', '5', 'Sipil', '2', '2024-07-10 11:07:07', '2024-07-10 11:07:07'),
('21SPL51035', 'Perancangan Bangunan Sipil I', '5', 'Sipil', '2', '2024-07-17 20:55:41', '2024-07-17 20:55:41'),
('21SPL51036', 'Kecerdasan Buatan', '5', 'Sipil', '3', '2024-07-10 11:10:34', '2024-07-10 11:10:34'),
('21SPL51037', 'Amdal', '5', 'Sipil', '2', '2024-07-17 20:58:01', '2024-07-17 20:58:01'),
('21SPL51038', 'Struktur Baja II', '5', 'Sipil', '2', '2024-07-17 20:59:03', '2024-07-17 20:59:03'),
('21SPL51039', 'Struktur Beton Bertulang III', '5', 'Sipil', '2', '2024-07-10 11:14:43', '2024-07-10 11:14:43'),
('21SPL51040', 'Struktur Jembatan', '5', 'Sipil', '2', '2024-07-10 11:15:18', '2024-07-10 11:15:18'),
('21SPL51041', 'Pengembangan Sumber Daya Air', '5', 'Sipil', '2', '2024-07-10 11:16:01', '2024-07-10 11:16:01'),
('21SPL51042', 'Desain Pondasi I', '5', 'Sipil', '2', '2024-07-10 11:16:42', '2024-07-10 11:16:42'),
('21SPL51043', 'Prak. Bahan Konstruksi Jalan', '5', 'Sipil', '1', '2024-07-10 11:20:07', '2024-07-10 11:20:07'),
('21SPL71055', 'Ekonomi Rekayasa', '7', 'Sipil', '2', '2024-05-21 16:55:56', '2024-05-29 18:36:36'),
('21UMB0001', 'Pendidikan Pancasila', '2', 'Umum', '2', '2024-05-21 05:26:36', '2024-07-17 08:15:22'),
('21UMB0002', 'Pendidikan Kewarganegaraan', '3', 'Umum', '2', '2024-05-21 07:20:30', '2024-07-10 07:45:46'),
('21UMB0003', 'Bahasa Indonesia', '1', 'Umum', '2', '2024-05-21 04:41:41', '2024-07-10 07:42:17'),
('21UMB0004', 'Bahasa Inggris', '4', 'Umum', '2', '2024-07-17 08:19:17', '2024-07-17 08:19:17'),
('21UMB0005', 'Kewirausahaan', '5', 'Umum', '2', '2024-07-17 18:55:04', '2024-07-17 18:56:59'),
('21UMB0007', 'AIK1 (Keimanan dan Kemanusiaan)', '1', 'Umum', '2', '2024-05-21 05:30:27', '2024-07-10 07:42:51'),
('21UMB0008', 'AIK 2 (Ibadah, Akhlak dan Muamalah)', '2', 'Umum', '2', '2024-05-21 05:20:53', '2024-07-10 07:49:06'),
('21UMB0009', 'AIK III (Kemuhammadiyahan)', '3', 'Umum', '2', '2024-05-21 05:35:33', '2024-07-17 08:21:42'),
('21UMB0010', 'AIK IV (ISLAM DAN IPTEK)', '4', 'Umum', '2', '2024-07-17 08:28:00', '2024-07-17 08:28:00'),
('22PWK1401', 'Teknik Presentasi', '1', 'Perencanaan Wilayah dan Kota', '2', '2024-07-14 18:48:24', '2024-07-15 19:29:03'),
('22PWK1402', 'Pengantar Perencanaan Wilayah dan Kota', '1', 'Perencanaan Wilayah dan Kota', '2', '2024-07-14 18:50:16', '2024-07-15 19:29:53'),
('22PWK1403', 'Teori Keruangan', '1', 'Perencanaan Wilayah dan Kota', '2', '2024-05-29 07:51:07', '2024-07-15 19:31:24'),
('22PWK1404', 'Geografi dan Pemetaan Dasar', '1', 'Perencanaan Wilayah dan Kota', '3', '2024-07-15 19:32:24', '2024-07-15 19:32:24'),
('22PWK1405', 'Studio Proses Perencanaan', '1', 'Perencanaan Wilayah dan Kota', '5', '2024-07-15 19:33:23', '2024-07-15 19:33:23'),
('22PWK3411', 'Ekonomi Regional dan Kota', '3', 'Perencanaan Wilayah dan Kota', '2', '2024-05-29 07:43:22', '2024-07-15 19:35:00'),
('22PWK3412', 'Mitigasi Bencana dan Adaptasi Perubahan Iklim', '3', 'Perencanaan Wilayah dan Kota', '2', '2024-07-15 19:36:01', '2024-07-15 19:36:01'),
('22PWK3413', 'Perencanaan Tata Guna Lahan', '3', 'Perencanaan Wilayah dan Kota', '3', '2024-05-29 08:00:45', '2024-07-15 19:36:38'),
('22PWK3414', 'Permasalahan Pembangunan', '3', 'Perencanaan Wilayah dan Kota', '2', '2024-05-29 07:44:19', '2024-07-15 19:37:34'),
('22PWK3415', 'Studio Wilayah', '3', 'Perencanaan Wilayah dan Kota', '5', '2024-07-15 19:38:28', '2024-07-15 19:38:28'),
('22PWK5423', 'Pengembangan Masyarakat', '5', 'Perencanaan Wilayah dan Kota', '2', '2024-05-29 11:04:51', '2024-07-15 19:40:04'),
('22PWK5424', 'Perancangan Kota', '5', 'Perencanaan Wilayah dan Kota', '3', '2024-07-15 19:41:53', '2024-07-15 19:41:53'),
('22PWK5425', 'Manajemen Lingkungan', '5', 'Perencanaan Wilayah dan Kota', '4', '2024-07-15 19:42:59', '2024-07-15 19:42:59'),
('22PWK5426', 'Manajemen Pembangunan', '5', 'Perencanaan Wilayah dan Kota', '2', '2024-05-29 08:06:54', '2024-07-15 19:43:49'),
('22PWK5427', 'Hukum dan Pranata Pembangunan', '5', 'Perencanaan Wilayah dan Kota', '2', '2024-05-29 11:04:11', '2024-07-15 19:44:37'),
('22PWK5428', 'Studio Urban Design', '5', 'Perencanaan Wilayah dan Kota', '5', '2024-07-15 19:45:36', '2024-07-15 19:45:36'),
('22PWK7444', 'Kolokium/Pra Tugas Akhir', '7', 'Perencanaan Wilayah dan Kota', '3', '2024-07-15 19:46:40', '2024-07-15 19:46:40'),
('22PWK7445', 'Kerja Praktek', '7', 'Perencanaan Wilayah dan Kota', '4', '2024-07-15 19:47:25', '2024-07-15 19:47:25'),
('ARS1304', 'Estetika Bentuk', '2', 'Arsitektur', '3', '2024-05-29 10:52:34', '2024-05-29 10:52:34'),
('ARS1305', 'Karir dan Kepemimpinan Arsitektur', '1', 'Arsitektur', '3', '2024-05-29 07:41:48', '2024-05-29 07:41:48'),
('ARS2306', 'Struktur dan Konstruksi Bangunan 1', '3', 'Arsitektur', '2', '2024-05-29 19:25:06', '2024-05-29 19:25:06'),
('ARS2308', 'Teknik Komunikasi Arsitektur', '2', 'Arsitektur', '3', '2024-05-29 10:56:38', '2024-05-29 10:56:38'),
('ARS3310', 'SPA 3', '3', 'Arsitektur', '2', '2024-05-29 19:07:36', '2024-05-29 19:24:10'),
('ARS3311', 'SKB 2', '3', 'Arsitektur', '2', '2024-05-29 19:15:05', '2024-05-29 19:15:05'),
('ARS3312', 'Teori Arsitektur 1', '3', 'Arsitektur', '3', '2024-05-29 18:59:28', '2024-05-29 18:59:28'),
('ARS3315', 'Sejarah dan Perkembangan Arsitektur 1', '3', 'Arsitektur', '2', '2024-05-29 19:00:54', '2024-05-29 19:00:54'),
('ARS4314', 'Studio Perancangan Arsitektur 4', '3', 'Arsitektur', '3', '2024-05-29 07:37:50', '2024-05-29 07:37:50'),
('ARS4317', 'SPA 4', '3', 'Arsitektur', '2', '2024-05-29 19:23:18', '2024-05-29 19:23:18'),
('ARS4318', 'SKB 3', '3', 'Arsitektur', '2', '2024-05-29 19:23:51', '2024-05-29 19:23:51'),
('ARS4319', 'Teori Arsitektur 2', '4', 'Arsitektur', '3', '2024-05-29 10:53:03', '2024-05-29 10:53:03'),
('ARS4321', 'Sejarah dan Perkembangan Arsitektur 2', '4', 'Arsitektur', '2', '2024-05-29 10:57:18', '2024-05-29 10:57:18'),
('ARS4324', 'Arsitektur Tropis', '4', 'Arsitektur', '2', '2024-05-29 10:56:59', '2024-05-29 10:56:59'),
('ARS5320', 'Desain Independen 1', '5', 'Arsitektur', '3', '2024-05-29 07:31:53', '2024-05-29 07:31:53'),
('ARS5321', 'Kajian Arsitektur 1', '5', 'Arsitektur', '2', '2024-05-29 07:34:24', '2024-05-29 07:34:24'),
('ARS5322', 'Manajemen Arsitektur 2', '5', 'Arsitektur', '3', '2024-05-29 07:34:49', '2024-05-29 07:34:49'),
('ARS5324', 'Arsitektur Masyarakat', '5', 'Arsitektur', '3', '2024-05-29 07:33:47', '2024-05-29 07:33:47'),
('ARS5325', 'Studio Perancangan Arsitektur 5', '5', 'Arsitektur', '2', '2024-05-29 11:01:25', '2024-05-29 11:01:25'),
('ARS5328', 'Utilitas Bangunan', '4', 'Arsitektur', '3', '2024-05-29 10:37:53', '2024-05-29 10:37:53'),
('ARS5333', 'Desain Komputer Visual', '5', 'Arsitektur', '2', '2024-05-29 19:05:13', '2024-05-29 19:05:13'),
('ARS6334', 'Studio Perancangan Arsitektur 6', '7', 'Arsitektur', '3', '2024-05-29 19:01:36', '2024-05-29 19:02:59'),
('ARS6335', 'Struktur dan Konstruksi Bangunan 5', '7', 'Arsitektur', '2', '2024-05-29 19:02:33', '2024-05-29 19:03:22'),
('ARS6336', 'Etika Profesi dan Pranata Pembangunan', '6', 'Arsitektur', '3', '2024-05-29 10:55:01', '2024-05-29 10:55:01'),
('ARS6337', 'Manajemen Proyek', '6', 'Arsitektur', '2', '2024-05-29 10:53:58', '2024-05-29 10:53:58'),
('ARS6338', 'Metode Penelitian Arsitektur', '6', 'Arsitektur', '2', '2024-05-29 10:59:34', '2024-05-29 10:59:34'),
('ARS6339', 'Pengantar Perancangan Permukiman', '6', 'Arsitektur', '2', '2024-05-29 10:54:23', '2024-05-29 10:54:23'),
('ARS6340', 'Pengantar Perancangan Pariwisata', '6', 'Arsitektur', '3', '2024-05-29 10:59:19', '2024-05-29 10:59:19'),
('ARS6344', 'Urban Design', '6', 'Arsitektur', '2', '2024-05-29 10:59:50', '2024-05-29 10:59:50'),
('ARS7330', 'Studio Perancangan Tematik', '7', 'Arsitektur', '3', '2024-05-29 07:30:13', '2024-05-29 07:30:13'),
('ARS7331', 'Desain Independen 3', '7', 'Arsitektur', '2', '2024-05-29 07:29:27', '2024-05-29 07:29:27'),
('ARS7332', 'Kajian Arsitektur 3', '7', 'Arsitektur', '2', '2024-05-29 07:29:09', '2024-05-29 07:29:09'),
('ARS7344', 'Studio Tematik', '6', 'Arsitektur', '3', '2024-05-29 10:57:42', '2024-05-29 10:57:42'),
('ARS7345', 'Kerja Praktek', '7', 'Arsitektur', '3', '2024-05-29 07:30:34', '2024-05-29 07:30:34'),
('ARS7347', 'Rencana Anggaran Biaya', '7', 'Arsitektur', '2', '2024-05-29 19:04:04', '2024-05-29 19:04:04'),
('ARS7348', 'Arsitektur Digital', '7', 'Arsitektur', '2', '2024-05-29 18:58:50', '2024-05-29 18:58:50'),
('ARS8351', 'Tugas Akhir', '8', 'Arsitektur', '3', '2024-05-29 11:03:20', '2024-05-29 11:03:20'),
('FTK0001', 'PENGANTAR PEMBANGUNAN BERKELANJUTAN', '1', 'Fakultas', '2', '2024-05-29 07:49:39', '2024-05-29 07:49:39'),
('FTK0002', 'Pembangunan Berkelanjutan I', '2', 'Sipil', '3', '2024-05-21 16:29:35', '2024-05-29 09:57:04'),
('FTK0003', 'Pembangunan Berkelanjutan 2', '3', 'Fakultas', '3', '2024-05-29 07:38:24', '2024-05-29 07:38:24'),
('IEC1', 'Intensive English Course 1', '1', 'Umum', '3', '2024-05-21 04:46:51', '2024-07-10 07:51:18'),
('IEC2', 'Intensive English Course 2', '2', 'Umum', '3', '2024-05-21 05:29:11', '2024-07-10 07:51:33'),
('INF1202', 'Kepemimpinan dan Komunikasi Interpersona', '1', 'Informatika', '2', '2024-05-21 04:42:26', '2024-07-10 10:34:03'),
('INF1203', 'Teknologi Informasi', '1', 'Informatika', '2', '2024-05-21 07:22:23', '2024-07-10 10:37:27'),
('INF3211', 'Pengantar Komputer Aplikasi', '3', 'Informatika', '2', '2024-05-21 07:19:00', '2024-07-10 10:37:56'),
('INF3212', 'Statistika Dasar', '3', 'Informatika', '3', '2024-05-21 04:36:38', '2024-07-10 10:38:53'),
('INF3213', 'Matematika Diskrit', '3', 'Informatika', '3', '2024-07-10 09:19:59', '2024-07-10 09:19:59'),
('INF3214', 'Basis Data', '3', 'Informatika', '3', '2024-05-21 05:34:08', '2024-05-29 18:10:46'),
('INF3215', 'Pemrograman Web Statis', '3', 'Informatika', '2', '2024-05-21 07:17:38', '2024-07-10 10:37:40'),
('INF3216', 'Pemrograman Berorientasi Obyek', '3', 'Informatika', '3', '2024-05-21 07:18:14', '2024-05-29 18:21:39'),
('INF3217', 'Praktikum Pemrograman Web Statis', '3', 'Informatika', '1', '2024-05-29 08:24:01', '2024-06-19 05:24:13'),
('INF3218', 'Praktikum Pemrograman Berorientasi Objek', '3', 'Informatika', '1', '2024-05-21 04:34:49', '2024-06-19 05:20:45'),
('INF4219', 'Ilmu Kealaman Dasar', '4', 'Informatika', '3', '2024-05-21 05:20:25', '2024-05-29 09:38:03'),
('INF4221', 'Metode Numerik', '4', 'Informatika', '3', '2024-05-21 05:22:56', '2024-05-29 09:43:15'),
('INF4222', 'Sistem Pendukung Keputusan', '4', 'Informatika', '3', '2024-05-21 05:21:08', '2024-05-29 09:39:26'),
('INF4225', 'Pemrograman Visual', '4', 'Informatika', '3', '2024-05-21 05:22:01', '2024-05-29 09:40:56'),
('INF4226', 'Praktikum Sistem Operasi', '4', 'Informatika', '1', '2024-05-21 05:26:52', '2024-07-10 08:47:55'),
('INF4228', 'Praktikum Pemrograman Visual', '4', 'Informatika', '1', '2024-05-21 05:22:42', '2024-07-10 08:48:07'),
('INF5230', 'Visi Komputer dan Pengolahan Citra', '5', 'Informatika', '3', '2024-05-21 05:34:23', '2024-05-29 18:11:12'),
('INF5231', 'Sistem Berkas dan Keamanan Data', '5', 'Informatika', '3', '2024-05-21 05:33:43', '2024-05-29 18:09:23'),
('INF5232', 'Sistem Manajemen Basis Data', '5', 'Informatika', '2', '2024-05-21 07:23:06', '2024-05-29 18:32:33'),
('INF5233', 'Jaringan Nirkabel', '5', 'Informatika', '3', '2024-05-21 07:18:37', '2024-05-29 18:22:05'),
('INF5234', 'Pemrograman Web Dinamis', '5', 'Informatika', '3', '2024-05-21 07:17:25', '2024-05-29 18:19:19'),
('INF5235', 'Praktikum Sistem Manajemen Basis Data', '5', 'Informatika', '1', '2024-05-21 07:22:44', '2024-07-10 08:48:17'),
('INF5236', 'Praktikum Pemrograman Web Dinamis', '5', 'Informatika', '1', '2024-05-21 04:38:24', '2024-06-19 05:22:35'),
('INF6239', 'Mikrokontroler', '6', 'Informatika', '3', '2024-05-21 05:21:20', '2024-05-29 09:39:42'),
('INF6240', 'Keamanan Jaringan Komputer', '6', 'Informatika', '3', '2024-05-21 05:24:56', '2024-05-29 09:46:23'),
('INF6241', 'Keamanan Web', '6', 'Informatika', '2', '2024-05-21 05:27:28', '2024-05-29 09:49:04'),
('INF6242', 'Pemrograman Perangkat Mobile', '6', 'Informatika', '3', '2024-05-21 05:24:19', '2024-05-29 09:45:32'),
('INF6243', 'Sistem Informasi Geografis', '6', 'Informatika', '3', '2024-05-21 05:28:11', '2024-05-29 09:50:47'),
('INF6244', 'Penggalian Data', '6', 'Informatika', '3', '2024-05-21 05:20:14', '2024-05-29 09:37:45'),
('INF7247', 'Etika dan Hukum Profesi', '7', 'Informatika', '2', '2024-05-21 05:34:38', '2024-07-10 10:29:48'),
('INF7248', 'Praktek Kerja Lapangan (PKL)', '7', 'Informatika', '4', '2024-05-21 04:42:54', '2024-07-10 10:42:30'),
('INF7253', 'Pengenalan Pola dan Analisis Citra', '7', 'Informatika', '3', '2024-05-21 07:16:53', '2024-05-29 18:18:10'),
('INF7254', 'Komputasi Awan', '7', 'Informatika', '2', '2024-05-21 07:21:48', '2024-07-10 10:35:31'),
('INF7255', 'Perancangan Sistem Jaringan Komputer', '7', 'Informatika', '3', '2024-07-10 09:08:38', '2024-07-10 09:08:38'),
('INF7256', 'Rekayasa Web', '7', 'Informatika', '3', '2024-05-21 07:09:45', '2024-07-10 10:39:04'),
('INF7257', 'Arsitektur Berorientasi Layanan', '7', 'Informatika', '3', '2024-05-21 07:20:57', '2024-05-29 18:28:20'),
('PWK1401', 'PENGANTAR PERENCANAAN WILAYAH DAN KOTA', '1', 'Perencanaan Wilayah dan Kota', '2', '2024-05-29 07:50:40', '2024-05-29 07:50:40'),
('PWK1403', 'STATISTIKA', '1', 'Perencanaan Wilayah dan Kota', '2', '2024-05-29 07:51:26', '2024-05-29 07:51:26'),
('PWK1404', 'STUDIO PROSES PERENCANAAN', '1', 'Perencanaan Wilayah dan Kota', '4', '2024-05-29 07:51:46', '2024-05-29 07:51:46'),
('PWK3410', 'KEPENDUDUKAN', '3', 'Perencanaan Wilayah dan Kota', '2', '2024-05-29 07:58:33', '2024-05-29 07:58:33'),
('PWK3411', 'MORFOLOGI KOTA', '3', 'Perencanaan Wilayah dan Kota', '2', '2024-05-29 07:58:54', '2024-05-29 07:58:54'),
('PWK3412', 'SUMBER DAYA ALAM DAN LINGKUNGAN', '3', 'Perencanaan Wilayah dan Kota', '2', '2024-05-29 07:59:15', '2024-05-29 07:59:15'),
('PWK3413', 'PERENCANAAN PEMBANGUNAN PERMUKIMAN', '3', 'Perencanaan Wilayah dan Kota', '3', '2024-05-29 07:59:40', '2024-05-29 07:59:40'),
('PWK3414', 'METODE DAN TEKNIK ANALISA KOTA', '3', 'Perencanaan Wilayah dan Kota', '2', '2024-05-29 08:00:00', '2024-05-29 08:00:00'),
('PWK3415', 'STUDIO ANALISA KOTA', '3', 'Perencanaan Wilayah dan Kota', '4', '2024-05-29 08:00:16', '2024-05-29 08:00:16'),
('PWK5424', 'TEORI SOSIAL UNTUK REKAYASA', '5', 'Perencanaan Wilayah dan Kota', '3', '2024-05-29 07:45:33', '2024-05-29 07:45:33'),
('PWK5427', 'METODE DAN TEKNIK ANALISA RENCANA WILAYAH', '5', 'Perencanaan Wilayah dan Kota', '3', '2024-05-29 07:43:43', '2024-05-29 07:43:43'),
('PWK5428', 'STUDIO ANALISA WILAYAH', '5', 'Perencanaan Wilayah dan Kota', '3', '2024-05-29 07:44:37', '2024-05-29 07:44:37'),
('PWK5429', 'TEKNIK PRESENTASI DAN KOMUNIKASI', '5', 'Perencanaan Wilayah dan Kota', '3', '2024-05-29 07:45:07', '2024-05-29 07:45:07'),
('PWK6432', 'METODE PENELITIAN', '6', 'Perencanaan Wilayah dan Kota', '3', '2024-05-29 11:04:34', '2024-05-29 11:04:34'),
('PWK6433', 'STUDIO PERENCANAAN WILAYAH', '6', 'Perencanaan Wilayah dan Kota', '3', '2024-05-29 11:06:10', '2024-05-29 11:06:10'),
('PWK6435', 'PERENCANAAN KAWASAN PESISIR DAN PULAU PULAU KECIL', '6', 'Perencanaan Wilayah dan Kota', '3', '2024-05-29 11:05:32', '2024-05-29 11:05:32'),
('PWK6440', 'PERENCANAAN PENGEMBANGAN PARIWISATA', '6', 'Perencanaan Wilayah dan Kota', '3', '2024-05-29 11:05:50', '2024-05-29 11:05:50'),
('PWK6443', 'PERENCANAAN KAWASAN INDUSTRI', '6', 'Perencanaan Wilayah dan Kota', '3', '2024-05-29 11:05:10', '2024-05-29 11:05:10'),
('PWK7445', 'ETIKA PERENCANAAN', '7', 'Perencanaan Wilayah dan Kota', '2', '2024-05-29 08:06:19', '2024-05-29 08:07:12'),
('PWK7447', 'EVALUASI IMPLEMENTASI PERENCANAAN', '7', 'Perencanaan Wilayah dan Kota', '2', '2024-05-29 08:08:02', '2024-05-29 08:08:02'),
('PWK7449', 'PERENCANAAN KOTA CERDAS', '7', 'Perencanaan Wilayah dan Kota', '2', '2024-05-29 08:08:22', '2024-05-29 08:08:22'),
('PWK7455', 'PENGELOLAAN LINGKUNGAN KOTA', '7', 'Perencanaan Wilayah dan Kota', '2', '2024-05-29 08:08:44', '2024-05-29 08:08:44'),
('PWK7460', 'PERENCANAAN PERUBAHAN IKLIM', '7', 'Perencanaan Wilayah dan Kota', '2', '2024-05-29 08:09:07', '2024-05-29 08:09:07'),
('SPL 1102', 'Pemrograman Komputer', '1', 'Sipil', '2', '2024-07-10 11:22:56', '2024-07-10 11:22:56'),
('SPL 7149', 'Praktik Kerja', '7', 'Sipil', '2', '2024-07-10 11:40:27', '2024-07-10 11:40:27'),
('SPL 7150', 'Perencanaaan Dan Pengendalian Proyek', '7', 'Sipil', '2', '2024-07-10 11:36:43', '2024-07-10 11:36:43'),
('SPL 7151', 'Prancangan Rekayasa Bangunan Sipil II', '7', 'Sipil', '2', '2024-07-10 11:39:23', '2024-07-10 11:39:23'),
('SPL 8152', 'Tugas Akhir', '8', 'Sipil', '6', '2024-07-10 11:41:01', '2024-07-10 11:41:01'),
('SPL1104', 'Statika', '1', 'Sipil', '3', '2024-07-10 11:23:17', '2024-07-10 11:23:17'),
('SPL3119', 'Praktek Mekanika Fluida', '3', 'Sipil', '3', '2024-05-21 15:35:35', '2024-05-29 07:13:04'),
('SPL3120', 'Praktek TB I', '3', 'Sipil', '3', '2024-05-21 15:35:10', '2024-05-29 07:12:47'),
('SPL4123', 'Pengembangan Sumber Daya Air', '4', 'Sipil', '2', '2024-05-21 16:35:51', '2024-05-29 10:28:44'),
('SPL4124', 'Matematika IV', '4', 'Sipil', '3', '2024-05-21 16:32:56', '2024-05-29 09:59:55'),
('SPL4126', 'Analisa Struktur II', '4', 'Sipil', '3', '2024-05-21 16:33:23', '2024-05-29 10:00:17'),
('SPL4129', 'Praktikum Hidraulika', '4', 'Sipil', '1', '2024-05-21 16:35:13', '2024-05-29 10:28:02'),
('SPL5132', 'Rekayasa Irigasi dan Bangunan Air I', '5', 'Sipil', '2', '2024-05-21 16:56:44', '2024-05-29 18:37:00'),
('SPL5133', 'Struktur Beton Bertulang', '5', 'Sipil', '2', '2024-05-21 17:00:16', '2024-05-29 18:38:38'),
('SPL5134', 'Struktur Baja II', '5', 'Sipil', '2', '2024-05-21 17:03:11', '2024-05-29 18:42:37'),
('SPL5135', 'Desain Pondasi II', '5', 'Sipil', '2', '2024-05-21 17:00:52', '2024-05-29 18:39:07'),
('SPL5136', 'Geometrik Jalan Raya', '5', 'Sipil', '3', '2024-05-21 16:57:22', '2024-05-29 18:37:32'),
('SPL5137', 'Pengantar Metode Pelaksanaan dan Pembongkaran Konstruksi', '5', 'Sipil', '2', '2024-05-21 17:02:34', '2024-05-29 18:41:55'),
('SPL5138', 'Rekayasa Pelabuhan', '5', 'Sipil', '2', '2024-05-21 17:01:35', '2024-05-29 18:39:28'),
('SPL5139', 'Praktek Mektan II', '5', 'Sipil', '2', '2024-05-21 16:08:14', '2024-05-29 07:16:05'),
('SPL5140', 'Penyelidikan Tanah', '5', 'Sipil', '2', '2024-05-21 16:59:46', '2024-05-29 18:38:02'),
('SPL5142', 'Jalan Rel', '5', 'Sipil', '2', '2024-05-21 15:40:01', '2024-05-29 07:14:27'),
('SPL6140', 'Rekayasa Irigasi dan Bangunan Air II', '6', 'Sipil', '3', '2024-05-21 16:38:09', '2024-05-29 10:18:20'),
('SPL6142', 'Perbaikan dan Perkuatan Tanah Lunak', '6', 'Sipil', '3', '2024-05-21 16:39:00', '2024-05-29 10:18:56'),
('SPL6143', 'Manajemen Konstruksi', '6', 'Sipil', '3', '2024-05-21 16:38:29', '2024-05-29 10:18:37'),
('SPL6144', 'Perancangan Rekayasa Bangunan Sipil I', '5', 'Sipil', '3', '2024-05-21 16:53:34', '2024-05-29 18:34:41'),
('SPL6145', 'Perkerasan Jalan Raya', '5', 'Sipil', '3', '2024-05-21 16:39:59', '2024-05-29 10:19:41'),
('SPL6147', 'Praktek Bahan Perkerasan', '5', 'Sipil', '2', '2024-05-21 16:55:02', '2024-05-29 18:36:02'),
('SPL6148', 'Metodologi Penelitian', '6', 'Sipil', '3', '2024-05-21 16:37:56', '2024-05-29 10:17:44'),
('SPL6149', 'Struktur Jembatan', '6', 'Sipil', '3', '2024-05-21 16:42:54', '2024-05-29 10:20:52'),
('SPL7150', 'Perencanaan dan Pengendalian Proyek', '7', 'Sipil', '2', '2024-05-21 16:21:41', '2024-05-29 07:28:06'),
('SPL7151', 'Perancangan Rekayasa Bangunan Sipil II', '7', 'Sipil', '3', '2024-05-21 16:54:03', '2024-07-09 06:44:21'),
('SPL7153', 'Lapangan Terbang', '7', 'Sipil', '2', '2024-05-21 16:21:04', '2024-05-29 07:27:40'),
('SPL7154', 'Pengairan Pasang Surut', '7', 'Sipil', '2', '2024-05-21 16:19:36', '2024-05-29 07:26:40'),
('SPL7156', 'Aspek Hukum Dalam Pembangunan', '7', 'Sipil', '3', '2024-05-21 16:50:04', '2024-05-29 18:34:05'),
('SPL8153', 'K3', '8', 'Sipil', '2', '2024-05-21 16:43:16', '2024-05-29 10:31:26'),
('SPL8156', 'Amdal', '7', 'Sipil', '2', '2024-05-21 16:43:40', '2024-07-09 19:18:36'),
('UMB0002', 'Pendidikan Kewarganegaraan', '2', 'Umum', '2', '2024-07-17 09:32:05', '2024-07-17 09:32:05'),
('UMB0006', 'KKN (Kuliah Kerja Nyata)', '8', 'Umum', '4', '2024-05-21 05:27:49', '2024-07-17 08:20:43'),
('UMB0010', 'AIK IV (Islam dan Iptek)', '3', 'Sipil', '2', '2024-05-21 04:46:06', '2024-07-09 06:43:51');

-- --------------------------------------------------------

--
-- Table structure for table `riwayat_random_jadwal`
--

CREATE TABLE `riwayat_random_jadwal` (
  `id` bigint(20) UNSIGNED NOT NULL,
  `kelas_id` bigint(20) UNSIGNED NOT NULL,
  `kd_ruang` varchar(255) NOT NULL,
  `hari` varchar(255) NOT NULL,
  `jam` varchar(255) NOT NULL,
  `prodi` varchar(255) NOT NULL,
  `tahun_ajaran_id` bigint(20) UNSIGNED NOT NULL,
  `generate_date` date NOT NULL,
  `generate_count` int(11) NOT NULL,
  `created_at` timestamp NULL DEFAULT NULL,
  `updated_at` timestamp NULL DEFAULT NULL
) ENGINE=InnoDB DEFAULT CHARSET=utf8mb4;

--
-- Dumping data for table `riwayat_random_jadwal`
--

INSERT INTO `riwayat_random_jadwal` (`id`, `kelas_id`, `kd_ruang`, `hari`, `jam`, `prodi`, `tahun_ajaran_id`, `generate_date`, `generate_count`, `created_at`, `updated_at`) VALUES
(1, 1, 'BPH', 'Senin', '11:20-12:10', 'Umum', 4, '2024-07-20', 1, '2024-07-19 23:49:51', '2024-07-19 23:49:51'),
(2, 1, 'BPH', 'Senin', '13:00-13:50', 'Umum', 4, '2024-07-20', 1, '2024-07-19 23:49:51', '2024-07-19 23:49:51'),
(3, 2, 'BPH', 'Selasa', '09:40-10:30', 'Umum', 4, '2024-07-20', 1, '2024-07-19 23:49:51', '2024-07-19 23:49:51'),
(4, 2, 'BPH', 'Selasa', '10:30-11:20', 'Umum', 4, '2024-07-20', 1, '2024-07-19 23:49:51', '2024-07-19 23:49:51'),
(5, 3, 'BPH', 'Senin', '08:50-09:40', 'Umum', 4, '2024-07-20', 1, '2024-07-19 23:49:51', '2024-07-19 23:49:51'),
(6, 3, 'BPH', 'Senin', '09:40-10:30', 'Umum', 4, '2024-07-20', 1, '2024-07-19 23:49:51', '2024-07-19 23:49:51'),
(7, 4, 'R17', 'Selasa', '10:30-11:20', 'Umum', 4, '2024-07-20', 1, '2024-07-19 23:49:51', '2024-07-19 23:49:51'),
(8, 4, 'R17', 'Selasa', '11:20-12:10', 'Umum', 4, '2024-07-20', 1, '2024-07-19 23:49:51', '2024-07-19 23:49:51'),
(9, 5, 'BPH', 'Selasa', '13:00-13:50', 'Umum', 4, '2024-07-20', 1, '2024-07-19 23:49:51', '2024-07-19 23:49:51'),
(10, 5, 'BPH', 'Selasa', '13:50-14:40', 'Umum', 4, '2024-07-20', 1, '2024-07-19 23:49:51', '2024-07-19 23:49:51'),
(11, 6, 'R17', 'Jumat', '13:00-13:50', 'Umum', 4, '2024-07-20', 1, '2024-07-19 23:49:51', '2024-07-19 23:49:51'),
(12, 6, 'R17', 'Jumat', '13:50-14:40', 'Umum', 4, '2024-07-20', 1, '2024-07-19 23:49:51', '2024-07-19 23:49:51'),
(13, 7, 'R17', 'Rabu', '08:00-08:50', 'Umum', 4, '2024-07-20', 1, '2024-07-19 23:49:51', '2024-07-19 23:49:51'),
(14, 7, 'R17', 'Rabu', '08:50-09:40', 'Umum', 4, '2024-07-20', 1, '2024-07-19 23:49:51', '2024-07-19 23:49:51'),
(15, 8, 'R5', 'Rabu', '08:50-09:40', 'Informatika', 4, '2024-07-20', 1, '2024-07-19 23:49:51', '2024-07-19 23:49:51'),
(16, 8, 'R5', 'Rabu', '09:40-10:30', 'Informatika', 4, '2024-07-20', 1, '2024-07-19 23:49:51', '2024-07-19 23:49:51'),
(17, 8, 'R5', 'Rabu', '10:30-11:20', 'Informatika', 4, '2024-07-20', 1, '2024-07-19 23:49:51', '2024-07-19 23:49:51'),
(18, 9, 'R14', 'Kamis', '09:40-10:30', 'Informatika', 4, '2024-07-20', 1, '2024-07-19 23:49:51', '2024-07-19 23:49:51'),
(19, 9, 'R14', 'Kamis', '10:30-11:20', 'Informatika', 4, '2024-07-20', 1, '2024-07-19 23:49:51', '2024-07-19 23:49:51'),
(20, 9, 'R14', 'Kamis', '11:20-12:10', 'Informatika', 4, '2024-07-20', 1, '2024-07-19 23:49:51', '2024-07-19 23:49:51'),
(21, 10, 'R7', 'Rabu', '13:50-14:40', 'Informatika', 4, '2024-07-20', 1, '2024-07-19 23:49:51', '2024-07-19 23:49:51'),
(22, 10, 'R7', 'Rabu', '14:40-15:30', 'Informatika', 4, '2024-07-20', 1, '2024-07-19 23:49:51', '2024-07-19 23:49:51'),
(23, 11, 'R14', 'Rabu', '10:30-11:20', 'Informatika', 4, '2024-07-20', 1, '2024-07-19 23:49:51', '2024-07-19 23:49:51'),
(24, 11, 'R14', 'Rabu', '11:20-12:10', 'Informatika', 4, '2024-07-20', 1, '2024-07-19 23:49:51', '2024-07-19 23:49:51'),
(25, 12, 'R14', 'Rabu', '13:00-13:50', 'Informatika', 4, '2024-07-20', 1, '2024-07-19 23:49:51', '2024-07-19 23:49:51'),
(26, 13, 'R14', 'Selasa', '08:50-09:40', 'Informatika', 4, '2024-07-20', 1, '2024-07-19 23:49:51', '2024-07-19 23:49:51'),
(27, 13, 'R14', 'Selasa', '09:40-10:30', 'Informatika', 4, '2024-07-20', 1, '2024-07-19 23:49:51', '2024-07-19 23:49:51'),
(28, 13, 'R14', 'Selasa', '10:30-11:20', 'Informatika', 4, '2024-07-20', 1, '2024-07-19 23:49:51', '2024-07-19 23:49:51'),
(29, 14, 'R5', 'Senin', '10:30-11:20', 'Informatika', 4, '2024-07-20', 1, '2024-07-19 23:49:51', '2024-07-19 23:49:51'),
(30, 14, 'R5', 'Senin', '11:20-12:10', 'Informatika', 4, '2024-07-20', 1, '2024-07-19 23:49:51', '2024-07-19 23:49:51'),
(31, 15, 'R5', 'Jumat', '10:30-11:20', 'Informatika', 4, '2024-07-20', 1, '2024-07-19 23:49:51', '2024-07-19 23:49:51'),
(32, 15, 'R5', 'Jumat', '11:20-12:10', 'Informatika', 4, '2024-07-20', 1, '2024-07-19 23:49:51', '2024-07-19 23:49:51'),
(33, 16, 'R7', 'Senin', '10:30-11:20', 'Informatika', 4, '2024-07-20', 1, '2024-07-19 23:49:52', '2024-07-19 23:49:52'),
(34, 16, 'R7', 'Senin', '11:20-12:10', 'Informatika', 4, '2024-07-20', 1, '2024-07-19 23:49:52', '2024-07-19 23:49:52'),
(35, 17, 'R14', 'Senin', '11:20-12:10', 'Informatika', 4, '2024-07-20', 1, '2024-07-19 23:49:52', '2024-07-19 23:49:52'),
(36, 17, 'R14', 'Senin', '13:00-13:50', 'Informatika', 4, '2024-07-20', 1, '2024-07-19 23:49:52', '2024-07-19 23:49:52'),
(37, 18, 'R14', 'Senin', '13:50-14:40', 'Informatika', 4, '2024-07-20', 1, '2024-07-19 23:49:52', '2024-07-19 23:49:52'),
(38, 19, 'R14', 'Jumat', '08:00-08:50', 'Informatika', 4, '2024-07-20', 1, '2024-07-19 23:49:52', '2024-07-19 23:49:52'),
(39, 19, 'R14', 'Jumat', '08:50-09:40', 'Informatika', 4, '2024-07-20', 1, '2024-07-19 23:49:52', '2024-07-19 23:49:52'),
(40, 20, 'R14', 'Jumat', '09:40-10:30', 'Informatika', 4, '2024-07-20', 1, '2024-07-19 23:49:52', '2024-07-19 23:49:52'),
(41, 21, 'R5', 'Selasa', '08:50-09:40', 'Informatika', 4, '2024-07-20', 1, '2024-07-19 23:49:52', '2024-07-19 23:49:52'),
(42, 21, 'R5', 'Selasa', '09:40-10:30', 'Informatika', 4, '2024-07-20', 1, '2024-07-19 23:49:52', '2024-07-19 23:49:52'),
(43, 22, 'R5', 'Jumat', '13:00-13:50', 'Informatika', 4, '2024-07-20', 1, '2024-07-19 23:49:52', '2024-07-19 23:49:52'),
(44, 22, 'R5', 'Jumat', '13:50-14:40', 'Informatika', 4, '2024-07-20', 1, '2024-07-19 23:49:52', '2024-07-19 23:49:52'),
(45, 23, 'R6', 'Senin', '11:20-12:10', 'Informatika', 4, '2024-07-20', 1, '2024-07-19 23:49:52', '2024-07-19 23:49:52'),
(46, 23, 'R6', 'Senin', '13:00-13:50', 'Informatika', 4, '2024-07-20', 1, '2024-07-19 23:49:52', '2024-07-19 23:49:52'),
(47, 23, 'R6', 'Senin', '13:50-14:40', 'Informatika', 4, '2024-07-20', 1, '2024-07-19 23:49:52', '2024-07-19 23:49:52'),
(48, 24, 'R6', 'Senin', '08:00-08:50', 'Informatika', 4, '2024-07-20', 1, '2024-07-19 23:49:52', '2024-07-19 23:49:52'),
(49, 24, 'R6', 'Senin', '08:50-09:40', 'Informatika', 4, '2024-07-20', 1, '2024-07-19 23:49:52', '2024-07-19 23:49:52'),
(50, 24, 'R6', 'Senin', '09:40-10:30', 'Informatika', 4, '2024-07-20', 1, '2024-07-19 23:49:52', '2024-07-19 23:49:52'),
(51, 25, 'R7', 'Selasa', '09:40-10:30', 'Informatika', 4, '2024-07-20', 1, '2024-07-19 23:49:52', '2024-07-19 23:49:52'),
(52, 25, 'R7', 'Selasa', '10:30-11:20', 'Informatika', 4, '2024-07-20', 1, '2024-07-19 23:49:52', '2024-07-19 23:49:52'),
(53, 26, 'R7', 'Selasa', '11:20-12:10', 'Informatika', 4, '2024-07-20', 1, '2024-07-19 23:49:52', '2024-07-19 23:49:52'),
(54, 27, 'R5', 'Kamis', '13:00-13:50', 'Informatika', 4, '2024-07-20', 1, '2024-07-19 23:49:52', '2024-07-19 23:49:52'),
(55, 27, 'R5', 'Kamis', '13:50-14:40', 'Informatika', 4, '2024-07-20', 1, '2024-07-19 23:49:52', '2024-07-19 23:49:52'),
(56, 27, 'R5', 'Kamis', '14:40-15:30', 'Informatika', 4, '2024-07-20', 1, '2024-07-19 23:49:52', '2024-07-19 23:49:52'),
(57, 28, 'R5', 'Senin', '13:00-13:50', 'Informatika', 4, '2024-07-20', 1, '2024-07-19 23:49:52', '2024-07-19 23:49:52'),
(58, 28, 'R5', 'Senin', '13:50-14:40', 'Informatika', 4, '2024-07-20', 1, '2024-07-19 23:49:52', '2024-07-19 23:49:52'),
(59, 29, 'R7', 'Kamis', '10:30-11:20', 'Informatika', 4, '2024-07-20', 1, '2024-07-19 23:49:52', '2024-07-19 23:49:52'),
(60, 29, 'R7', 'Kamis', '11:20-12:10', 'Informatika', 4, '2024-07-20', 1, '2024-07-19 23:49:52', '2024-07-19 23:49:52'),
(61, 30, 'R6', 'Kamis', '13:00-13:50', 'Informatika', 4, '2024-07-20', 1, '2024-07-19 23:49:52', '2024-07-19 23:49:52'),
(62, 30, 'R6', 'Kamis', '13:50-14:40', 'Informatika', 4, '2024-07-20', 1, '2024-07-19 23:49:52', '2024-07-19 23:49:52'),
(63, 31, 'R7', 'Rabu', '11:20-12:10', 'Informatika', 4, '2024-07-20', 1, '2024-07-19 23:49:52', '2024-07-19 23:49:52'),
(64, 31, 'R7', 'Rabu', '13:00-13:50', 'Informatika', 4, '2024-07-20', 1, '2024-07-19 23:49:52', '2024-07-19 23:49:52'),
(65, 89, 'R6', 'Selasa', '09:40-10:30', 'Informatika', 4, '2024-07-20', 1, '2024-07-19 23:49:52', '2024-07-19 23:49:52'),
(66, 89, 'R6', 'Selasa', '10:30-11:20', 'Informatika', 4, '2024-07-20', 1, '2024-07-19 23:49:52', '2024-07-19 23:49:52'),
(67, 89, 'R6', 'Selasa', '11:20-12:10', 'Informatika', 4, '2024-07-20', 1, '2024-07-19 23:49:52', '2024-07-19 23:49:52'),
(68, 1, 'R17', 'Rabu', '09:40-10:30', 'Umum', 4, '2024-07-20', 2, '2024-07-20 00:01:41', '2024-07-20 00:01:41'),
(69, 1, 'R17', 'Rabu', '10:30-11:20', 'Umum', 4, '2024-07-20', 2, '2024-07-20 00:01:41', '2024-07-20 00:01:41'),
(70, 2, 'R17', 'Kamis', '08:50-09:40', 'Umum', 4, '2024-07-20', 2, '2024-07-20 00:01:41', '2024-07-20 00:01:41'),
(71, 2, 'R17', 'Kamis', '09:40-10:30', 'Umum', 4, '2024-07-20', 2, '2024-07-20 00:01:41', '2024-07-20 00:01:41'),
(72, 3, 'BPH', 'Kamis', '11:20-12:10', 'Umum', 4, '2024-07-20', 2, '2024-07-20 00:01:41', '2024-07-20 00:01:41'),
(73, 3, 'BPH', 'Kamis', '13:00-13:50', 'Umum', 4, '2024-07-20', 2, '2024-07-20 00:01:41', '2024-07-20 00:01:41'),
(74, 4, 'BPH', 'Selasa', '10:30-11:20', 'Umum', 4, '2024-07-20', 2, '2024-07-20 00:01:41', '2024-07-20 00:01:41'),
(75, 4, 'BPH', 'Selasa', '11:20-12:10', 'Umum', 4, '2024-07-20', 2, '2024-07-20 00:01:41', '2024-07-20 00:01:41'),
(76, 5, 'BPH', 'Jumat', '11:20-12:10', 'Umum', 4, '2024-07-20', 2, '2024-07-20 00:01:41', '2024-07-20 00:01:41'),
(77, 5, 'BPH', 'Jumat', '13:00-13:50', 'Umum', 4, '2024-07-20', 2, '2024-07-20 00:01:41', '2024-07-20 00:01:41'),
(78, 6, 'R17', 'Kamis', '13:00-13:50', 'Umum', 4, '2024-07-20', 2, '2024-07-20 00:01:41', '2024-07-20 00:01:41'),
(79, 6, 'R17', 'Kamis', '13:50-14:40', 'Umum', 4, '2024-07-20', 2, '2024-07-20 00:01:41', '2024-07-20 00:01:41'),
(80, 7, 'BPH', 'Senin', '09:40-10:30', 'Umum', 4, '2024-07-20', 2, '2024-07-20 00:01:41', '2024-07-20 00:01:41'),
(81, 7, 'BPH', 'Senin', '10:30-11:20', 'Umum', 4, '2024-07-20', 2, '2024-07-20 00:01:41', '2024-07-20 00:01:41'),
(82, 8, 'R6', 'Rabu', '10:30-11:20', 'Informatika', 4, '2024-07-20', 2, '2024-07-20 00:01:41', '2024-07-20 00:01:41'),
(83, 8, 'R6', 'Rabu', '11:20-12:10', 'Informatika', 4, '2024-07-20', 2, '2024-07-20 00:01:41', '2024-07-20 00:01:41'),
(84, 8, 'R6', 'Rabu', '13:00-13:50', 'Informatika', 4, '2024-07-20', 2, '2024-07-20 00:01:41', '2024-07-20 00:01:41'),
(85, 9, 'R7', 'Senin', '13:00-13:50', 'Informatika', 4, '2024-07-20', 2, '2024-07-20 00:01:41', '2024-07-20 00:01:41'),
(86, 9, 'R7', 'Senin', '13:50-14:40', 'Informatika', 4, '2024-07-20', 2, '2024-07-20 00:01:41', '2024-07-20 00:01:41'),
(87, 9, 'R7', 'Senin', '14:40-15:30', 'Informatika', 4, '2024-07-20', 2, '2024-07-20 00:01:41', '2024-07-20 00:01:41'),
(88, 10, 'R6', 'Kamis', '13:50-14:40', 'Informatika', 4, '2024-07-20', 2, '2024-07-20 00:01:41', '2024-07-20 00:01:41'),
(89, 10, 'R6', 'Kamis', '14:40-15:30', 'Informatika', 4, '2024-07-20', 2, '2024-07-20 00:01:41', '2024-07-20 00:01:41'),
(90, 11, 'R7', 'Selasa', '08:00-08:50', 'Informatika', 4, '2024-07-20', 2, '2024-07-20 00:01:41', '2024-07-20 00:01:41'),
(91, 11, 'R7', 'Selasa', '08:50-09:40', 'Informatika', 4, '2024-07-20', 2, '2024-07-20 00:01:41', '2024-07-20 00:01:41'),
(92, 12, 'R7', 'Selasa', '09:40-10:30', 'Informatika', 4, '2024-07-20', 2, '2024-07-20 00:01:42', '2024-07-20 00:01:42'),
(93, 13, 'R14', 'Kamis', '08:00-08:50', 'Informatika', 4, '2024-07-20', 2, '2024-07-20 00:01:42', '2024-07-20 00:01:42'),
(94, 13, 'R14', 'Kamis', '08:50-09:40', 'Informatika', 4, '2024-07-20', 2, '2024-07-20 00:01:42', '2024-07-20 00:01:42'),
(95, 13, 'R14', 'Kamis', '09:40-10:30', 'Informatika', 4, '2024-07-20', 2, '2024-07-20 00:01:42', '2024-07-20 00:01:42'),
(96, 14, 'R6', 'Kamis', '11:20-12:10', 'Informatika', 4, '2024-07-20', 2, '2024-07-20 00:01:42', '2024-07-20 00:01:42'),
(97, 14, 'R6', 'Kamis', '13:00-13:50', 'Informatika', 4, '2024-07-20', 2, '2024-07-20 00:01:42', '2024-07-20 00:01:42'),
(98, 15, 'R14', 'Jumat', '13:00-13:50', 'Informatika', 4, '2024-07-20', 2, '2024-07-20 00:01:42', '2024-07-20 00:01:42'),
(99, 15, 'R14', 'Jumat', '13:50-14:40', 'Informatika', 4, '2024-07-20', 2, '2024-07-20 00:01:42', '2024-07-20 00:01:42'),
(100, 16, 'R7', 'Rabu', '09:40-10:30', 'Informatika', 4, '2024-07-20', 2, '2024-07-20 00:01:42', '2024-07-20 00:01:42'),
(101, 16, 'R7', 'Rabu', '10:30-11:20', 'Informatika', 4, '2024-07-20', 2, '2024-07-20 00:01:42', '2024-07-20 00:01:42'),
(102, 17, 'R5', 'Selasa', '13:00-13:50', 'Informatika', 4, '2024-07-20', 2, '2024-07-20 00:01:42', '2024-07-20 00:01:42'),
(103, 17, 'R5', 'Selasa', '13:50-14:40', 'Informatika', 4, '2024-07-20', 2, '2024-07-20 00:01:42', '2024-07-20 00:01:42'),
(104, 18, 'R5', 'Selasa', '14:40-15:30', 'Informatika', 4, '2024-07-20', 2, '2024-07-20 00:01:42', '2024-07-20 00:01:42'),
(105, 19, 'R5', 'Jumat', '11:20-12:10', 'Informatika', 4, '2024-07-20', 2, '2024-07-20 00:01:42', '2024-07-20 00:01:42'),
(106, 19, 'R5', 'Jumat', '13:00-13:50', 'Informatika', 4, '2024-07-20', 2, '2024-07-20 00:01:42', '2024-07-20 00:01:42'),
(107, 20, 'R5', 'Jumat', '13:50-14:40', 'Informatika', 4, '2024-07-20', 2, '2024-07-20 00:01:42', '2024-07-20 00:01:42'),
(108, 21, 'R7', 'Jumat', '13:50-14:40', 'Informatika', 4, '2024-07-20', 2, '2024-07-20 00:01:42', '2024-07-20 00:01:42'),
(109, 21, 'R7', 'Jumat', '14:40-15:30', 'Informatika', 4, '2024-07-20', 2, '2024-07-20 00:01:42', '2024-07-20 00:01:42'),
(110, 22, 'R7', 'Senin', '08:00-08:50', 'Informatika', 4, '2024-07-20', 2, '2024-07-20 00:01:42', '2024-07-20 00:01:42'),
(111, 22, 'R7', 'Senin', '08:50-09:40', 'Informatika', 4, '2024-07-20', 2, '2024-07-20 00:01:42', '2024-07-20 00:01:42'),
(112, 23, 'R6', 'Jumat', '10:30-11:20', 'Informatika', 4, '2024-07-20', 2, '2024-07-20 00:01:42', '2024-07-20 00:01:42'),
(113, 23, 'R6', 'Jumat', '11:20-12:10', 'Informatika', 4, '2024-07-20', 2, '2024-07-20 00:01:42', '2024-07-20 00:01:42'),
(114, 23, 'R6', 'Jumat', '13:00-13:50', 'Informatika', 4, '2024-07-20', 2, '2024-07-20 00:01:42', '2024-07-20 00:01:42'),
(115, 24, 'R5', 'Jumat', '08:00-08:50', 'Informatika', 4, '2024-07-20', 2, '2024-07-20 00:01:42', '2024-07-20 00:01:42'),
(116, 24, 'R5', 'Jumat', '08:50-09:40', 'Informatika', 4, '2024-07-20', 2, '2024-07-20 00:01:42', '2024-07-20 00:01:42'),
(117, 24, 'R5', 'Jumat', '09:40-10:30', 'Informatika', 4, '2024-07-20', 2, '2024-07-20 00:01:42', '2024-07-20 00:01:42'),
(118, 25, 'R14', 'Selasa', '13:50-14:40', 'Informatika', 4, '2024-07-20', 2, '2024-07-20 00:01:42', '2024-07-20 00:01:42'),
(119, 25, 'R14', 'Selasa', '14:40-15:30', 'Informatika', 4, '2024-07-20', 2, '2024-07-20 00:01:42', '2024-07-20 00:01:42'),
(120, 26, 'R7', 'Selasa', '11:20-12:10', 'Informatika', 4, '2024-07-20', 2, '2024-07-20 00:01:42', '2024-07-20 00:01:42'),
(121, 27, 'R14', 'Rabu', '08:00-08:50', 'Informatika', 4, '2024-07-20', 2, '2024-07-20 00:01:42', '2024-07-20 00:01:42'),
(122, 27, 'R14', 'Rabu', '08:50-09:40', 'Informatika', 4, '2024-07-20', 2, '2024-07-20 00:01:42', '2024-07-20 00:01:42'),
(123, 27, 'R14', 'Rabu', '09:40-10:30', 'Informatika', 4, '2024-07-20', 2, '2024-07-20 00:01:42', '2024-07-20 00:01:42'),
(124, 28, 'R6', 'Selasa', '11:20-12:10', 'Informatika', 4, '2024-07-20', 2, '2024-07-20 00:01:42', '2024-07-20 00:01:42'),
(125, 28, 'R6', 'Selasa', '13:00-13:50', 'Informatika', 4, '2024-07-20', 2, '2024-07-20 00:01:42', '2024-07-20 00:01:42'),
(126, 29, 'R5', 'Rabu', '08:50-09:40', 'Informatika', 4, '2024-07-20', 2, '2024-07-20 00:01:42', '2024-07-20 00:01:42'),
(127, 29, 'R5', 'Rabu', '09:40-10:30', 'Informatika', 4, '2024-07-20', 2, '2024-07-20 00:01:42', '2024-07-20 00:01:42'),
(128, 30, 'R14', 'Senin', '13:00-13:50', 'Informatika', 4, '2024-07-20', 2, '2024-07-20 00:01:42', '2024-07-20 00:01:42'),
(129, 30, 'R14', 'Senin', '13:50-14:40', 'Informatika', 4, '2024-07-20', 2, '2024-07-20 00:01:42', '2024-07-20 00:01:42'),
(130, 31, 'R14', 'Kamis', '10:30-11:20', 'Informatika', 4, '2024-07-20', 2, '2024-07-20 00:01:42', '2024-07-20 00:01:42'),
(131, 31, 'R14', 'Kamis', '11:20-12:10', 'Informatika', 4, '2024-07-20', 2, '2024-07-20 00:01:42', '2024-07-20 00:01:42'),
(132, 89, 'R7', 'Kamis', '10:30-11:20', 'Informatika', 4, '2024-07-20', 2, '2024-07-20 00:01:42', '2024-07-20 00:01:42'),
(133, 89, 'R7', 'Kamis', '11:20-12:10', 'Informatika', 4, '2024-07-20', 2, '2024-07-20 00:01:42', '2024-07-20 00:01:42'),
(134, 89, 'R7', 'Kamis', '13:00-13:50', 'Informatika', 4, '2024-07-20', 2, '2024-07-20 00:01:42', '2024-07-20 00:01:42'),
(135, 32, 'R2', 'Senin', '11:20-12:10', 'Sipil', 4, '2024-07-20', 1, '2024-07-20 00:02:25', '2024-07-20 00:02:25'),
(136, 32, 'R2', 'Senin', '13:00-13:50', 'Sipil', 4, '2024-07-20', 1, '2024-07-20 00:02:25', '2024-07-20 00:02:25'),
(137, 32, 'R2', 'Senin', '13:50-14:40', 'Sipil', 4, '2024-07-20', 1, '2024-07-20 00:02:25', '2024-07-20 00:02:25'),
(138, 33, 'R2', 'Jumat', '08:00-08:50', 'Sipil', 4, '2024-07-20', 1, '2024-07-20 00:02:25', '2024-07-20 00:02:25'),
(139, 33, 'R2', 'Jumat', '08:50-09:40', 'Sipil', 4, '2024-07-20', 1, '2024-07-20 00:02:25', '2024-07-20 00:02:25'),
(140, 34, 'R3', 'Selasa', '11:20-12:10', 'Sipil', 4, '2024-07-20', 1, '2024-07-20 00:02:25', '2024-07-20 00:02:25'),
(141, 34, 'R3', 'Selasa', '13:00-13:50', 'Sipil', 4, '2024-07-20', 1, '2024-07-20 00:02:25', '2024-07-20 00:02:25'),
(142, 35, 'R3', 'Jumat', '08:00-08:50', 'Sipil', 4, '2024-07-20', 1, '2024-07-20 00:02:25', '2024-07-20 00:02:25'),
(143, 35, 'R3', 'Jumat', '08:50-09:40', 'Sipil', 4, '2024-07-20', 1, '2024-07-20 00:02:25', '2024-07-20 00:02:25'),
(144, 35, 'R3', 'Jumat', '09:40-10:30', 'Sipil', 4, '2024-07-20', 1, '2024-07-20 00:02:25', '2024-07-20 00:02:25'),
(145, 36, 'R1', 'Selasa', '08:50-09:40', 'Sipil', 4, '2024-07-20', 1, '2024-07-20 00:02:25', '2024-07-20 00:02:25'),
(146, 36, 'R1', 'Selasa', '09:40-10:30', 'Sipil', 4, '2024-07-20', 1, '2024-07-20 00:02:25', '2024-07-20 00:02:25'),
(147, 36, 'R1', 'Selasa', '10:30-11:20', 'Sipil', 4, '2024-07-20', 1, '2024-07-20 00:02:25', '2024-07-20 00:02:25'),
(148, 37, 'R2', 'Senin', '08:50-09:40', 'Sipil', 4, '2024-07-20', 1, '2024-07-20 00:02:25', '2024-07-20 00:02:25'),
(149, 37, 'R2', 'Senin', '09:40-10:30', 'Sipil', 4, '2024-07-20', 1, '2024-07-20 00:02:25', '2024-07-20 00:02:25'),
(150, 37, 'R2', 'Senin', '10:30-11:20', 'Sipil', 4, '2024-07-20', 1, '2024-07-20 00:02:25', '2024-07-20 00:02:25'),
(151, 38, 'R3', 'Rabu', '13:00-13:50', 'Sipil', 4, '2024-07-20', 1, '2024-07-20 00:02:25', '2024-07-20 00:02:25'),
(152, 38, 'R3', 'Rabu', '13:50-14:40', 'Sipil', 4, '2024-07-20', 1, '2024-07-20 00:02:25', '2024-07-20 00:02:25'),
(153, 38, 'R3', 'Rabu', '14:40-15:30', 'Sipil', 4, '2024-07-20', 1, '2024-07-20 00:02:25', '2024-07-20 00:02:25'),
(154, 39, 'R3', 'Jumat', '13:50-14:40', 'Sipil', 4, '2024-07-20', 1, '2024-07-20 00:02:25', '2024-07-20 00:02:25'),
(155, 39, 'R3', 'Jumat', '14:40-15:30', 'Sipil', 4, '2024-07-20', 1, '2024-07-20 00:02:25', '2024-07-20 00:02:25'),
(156, 40, 'R1', 'Kamis', '10:30-11:20', 'Sipil', 4, '2024-07-20', 1, '2024-07-20 00:02:25', '2024-07-20 00:02:25'),
(157, 40, 'R1', 'Kamis', '11:20-12:10', 'Sipil', 4, '2024-07-20', 1, '2024-07-20 00:02:25', '2024-07-20 00:02:25'),
(158, 40, 'R1', 'Kamis', '13:00-13:50', 'Sipil', 4, '2024-07-20', 1, '2024-07-20 00:02:25', '2024-07-20 00:02:25'),
(159, 41, 'R3', 'Rabu', '08:50-09:40', 'Sipil', 4, '2024-07-20', 1, '2024-07-20 00:02:26', '2024-07-20 00:02:26'),
(160, 41, 'R3', 'Rabu', '09:40-10:30', 'Sipil', 4, '2024-07-20', 1, '2024-07-20 00:02:26', '2024-07-20 00:02:26'),
(161, 42, 'R4', 'Selasa', '08:00-08:50', 'Sipil', 4, '2024-07-20', 1, '2024-07-20 00:02:26', '2024-07-20 00:02:26'),
(162, 42, 'R4', 'Selasa', '08:50-09:40', 'Sipil', 4, '2024-07-20', 1, '2024-07-20 00:02:26', '2024-07-20 00:02:26'),
(163, 42, 'R4', 'Selasa', '09:40-10:30', 'Sipil', 4, '2024-07-20', 1, '2024-07-20 00:02:26', '2024-07-20 00:02:26'),
(164, 43, 'R4', 'Kamis', '13:00-13:50', 'Sipil', 4, '2024-07-20', 1, '2024-07-20 00:02:26', '2024-07-20 00:02:26'),
(165, 43, 'R4', 'Kamis', '13:50-14:40', 'Sipil', 4, '2024-07-20', 1, '2024-07-20 00:02:26', '2024-07-20 00:02:26'),
(166, 44, 'R2', 'Jumat', '13:00-13:50', 'Sipil', 4, '2024-07-20', 1, '2024-07-20 00:02:26', '2024-07-20 00:02:26'),
(167, 44, 'R2', 'Jumat', '13:50-14:40', 'Sipil', 4, '2024-07-20', 1, '2024-07-20 00:02:26', '2024-07-20 00:02:26'),
(168, 45, 'R1', 'Rabu', '08:50-09:40', 'Sipil', 4, '2024-07-20', 1, '2024-07-20 00:02:26', '2024-07-20 00:02:26'),
(169, 45, 'R1', 'Rabu', '09:40-10:30', 'Sipil', 4, '2024-07-20', 1, '2024-07-20 00:02:26', '2024-07-20 00:02:26'),
(170, 45, 'R1', 'Rabu', '10:30-11:20', 'Sipil', 4, '2024-07-20', 1, '2024-07-20 00:02:26', '2024-07-20 00:02:26'),
(171, 46, 'R3', 'Rabu', '10:30-11:20', 'Sipil', 4, '2024-07-20', 1, '2024-07-20 00:02:26', '2024-07-20 00:02:26'),
(172, 47, 'R4', 'Kamis', '09:40-10:30', 'Sipil', 4, '2024-07-20', 1, '2024-07-20 00:02:26', '2024-07-20 00:02:26'),
(173, 47, 'R4', 'Kamis', '10:30-11:20', 'Sipil', 4, '2024-07-20', 1, '2024-07-20 00:02:26', '2024-07-20 00:02:26'),
(174, 48, 'R2', 'Kamis', '11:20-12:10', 'Sipil', 4, '2024-07-20', 1, '2024-07-20 00:02:26', '2024-07-20 00:02:26'),
(175, 48, 'R2', 'Kamis', '13:00-13:50', 'Sipil', 4, '2024-07-20', 1, '2024-07-20 00:02:26', '2024-07-20 00:02:26'),
(176, 49, 'R4', 'Selasa', '10:30-11:20', 'Sipil', 4, '2024-07-20', 1, '2024-07-20 00:02:26', '2024-07-20 00:02:26'),
(177, 49, 'R4', 'Selasa', '11:20-12:10', 'Sipil', 4, '2024-07-20', 1, '2024-07-20 00:02:26', '2024-07-20 00:02:26'),
(178, 50, 'R2', 'Selasa', '08:00-08:50', 'Sipil', 4, '2024-07-20', 1, '2024-07-20 00:02:26', '2024-07-20 00:02:26'),
(179, 50, 'R2', 'Selasa', '08:50-09:40', 'Sipil', 4, '2024-07-20', 1, '2024-07-20 00:02:26', '2024-07-20 00:02:26'),
(180, 50, 'R2', 'Selasa', '09:40-10:30', 'Sipil', 4, '2024-07-20', 1, '2024-07-20 00:02:26', '2024-07-20 00:02:26'),
(181, 51, 'R4', 'Senin', '11:20-12:10', 'Sipil', 4, '2024-07-20', 1, '2024-07-20 00:02:26', '2024-07-20 00:02:26'),
(182, 51, 'R4', 'Senin', '13:00-13:50', 'Sipil', 4, '2024-07-20', 1, '2024-07-20 00:02:26', '2024-07-20 00:02:26'),
(183, 52, 'R4', 'Senin', '08:50-09:40', 'Sipil', 4, '2024-07-20', 1, '2024-07-20 00:02:26', '2024-07-20 00:02:26'),
(184, 52, 'R4', 'Senin', '09:40-10:30', 'Sipil', 4, '2024-07-20', 1, '2024-07-20 00:02:26', '2024-07-20 00:02:26'),
(185, 53, 'R2', 'Rabu', '13:00-13:50', 'Sipil', 4, '2024-07-20', 1, '2024-07-20 00:02:26', '2024-07-20 00:02:26'),
(186, 53, 'R2', 'Rabu', '13:50-14:40', 'Sipil', 4, '2024-07-20', 1, '2024-07-20 00:02:26', '2024-07-20 00:02:26'),
(187, 54, 'R4', 'Jumat', '13:00-13:50', 'Sipil', 4, '2024-07-20', 1, '2024-07-20 00:02:26', '2024-07-20 00:02:26'),
(188, 54, 'R4', 'Jumat', '13:50-14:40', 'Sipil', 4, '2024-07-20', 1, '2024-07-20 00:02:26', '2024-07-20 00:02:26'),
(189, 55, 'R4', 'Senin', '13:50-14:40', 'Sipil', 4, '2024-07-20', 1, '2024-07-20 00:02:26', '2024-07-20 00:02:26'),
(190, 55, 'R4', 'Senin', '14:40-15:30', 'Sipil', 4, '2024-07-20', 1, '2024-07-20 00:02:26', '2024-07-20 00:02:26'),
(191, 56, 'R3', 'Senin', '13:00-13:50', 'Sipil', 4, '2024-07-20', 1, '2024-07-20 00:02:26', '2024-07-20 00:02:26'),
(192, 56, 'R3', 'Senin', '13:50-14:40', 'Sipil', 4, '2024-07-20', 1, '2024-07-20 00:02:26', '2024-07-20 00:02:26'),
(193, 57, 'R1', 'Kamis', '13:50-14:40', 'Sipil', 4, '2024-07-20', 1, '2024-07-20 00:02:26', '2024-07-20 00:02:26'),
(194, 58, 'R3', 'Senin', '08:50-09:40', 'Sipil', 4, '2024-07-20', 1, '2024-07-20 00:02:26', '2024-07-20 00:02:26'),
(195, 58, 'R3', 'Senin', '09:40-10:30', 'Sipil', 4, '2024-07-20', 1, '2024-07-20 00:02:26', '2024-07-20 00:02:26'),
(196, 59, 'R4', 'Rabu', '10:30-11:20', 'Sipil', 4, '2024-07-20', 1, '2024-07-20 00:02:26', '2024-07-20 00:02:26'),
(197, 59, 'R4', 'Rabu', '11:20-12:10', 'Sipil', 4, '2024-07-20', 1, '2024-07-20 00:02:26', '2024-07-20 00:02:26'),
(198, 60, 'R3', 'Kamis', '11:20-12:10', 'Sipil', 4, '2024-07-20', 1, '2024-07-20 00:02:26', '2024-07-20 00:02:26'),
(199, 60, 'R3', 'Kamis', '13:00-13:50', 'Sipil', 4, '2024-07-20', 1, '2024-07-20 00:02:26', '2024-07-20 00:02:26'),
(200, 1, 'R17', 'Rabu', '10:30-11:20', 'Umum', 4, '2024-07-29', 1, '2024-07-29 14:47:42', '2024-07-29 14:47:42'),
(201, 1, 'R17', 'Rabu', '11:20-12:10', 'Umum', 4, '2024-07-29', 1, '2024-07-29 14:47:42', '2024-07-29 14:47:42'),
(202, 2, 'BPH', 'Rabu', '10:30-11:20', 'Umum', 4, '2024-07-29', 1, '2024-07-29 14:47:42', '2024-07-29 14:47:42'),
(203, 2, 'BPH', 'Rabu', '11:20-12:10', 'Umum', 4, '2024-07-29', 1, '2024-07-29 14:47:42', '2024-07-29 14:47:42'),
(204, 3, 'R17', 'Rabu', '13:00-13:50', 'Umum', 4, '2024-07-29', 1, '2024-07-29 14:47:42', '2024-07-29 14:47:42'),
(205, 3, 'R17', 'Rabu', '13:50-14:40', 'Umum', 4, '2024-07-29', 1, '2024-07-29 14:47:42', '2024-07-29 14:47:42'),
(206, 4, 'BPH', 'Kamis', '08:00-08:50', 'Umum', 4, '2024-07-29', 1, '2024-07-29 14:47:42', '2024-07-29 14:47:42'),
(207, 4, 'BPH', 'Kamis', '08:50-09:40', 'Umum', 4, '2024-07-29', 1, '2024-07-29 14:47:42', '2024-07-29 14:47:42'),
(208, 5, 'BPH', 'Selasa', '11:20-12:10', 'Umum', 4, '2024-07-29', 1, '2024-07-29 14:47:42', '2024-07-29 14:47:42'),
(209, 5, 'BPH', 'Selasa', '13:00-13:50', 'Umum', 4, '2024-07-29', 1, '2024-07-29 14:47:43', '2024-07-29 14:47:43'),
(210, 6, 'BPH', 'Senin', '13:50-14:40', 'Umum', 4, '2024-07-29', 1, '2024-07-29 14:47:43', '2024-07-29 14:47:43'),
(211, 6, 'BPH', 'Senin', '14:40-15:30', 'Umum', 4, '2024-07-29', 1, '2024-07-29 14:47:43', '2024-07-29 14:47:43'),
(212, 7, 'BPH', 'Senin', '08:50-09:40', 'Umum', 4, '2024-07-29', 1, '2024-07-29 14:47:43', '2024-07-29 14:47:43'),
(213, 7, 'BPH', 'Senin', '09:40-10:30', 'Umum', 4, '2024-07-29', 1, '2024-07-29 14:47:43', '2024-07-29 14:47:43'),
(214, 8, 'R14', 'Selasa', '08:00-08:50', 'Informatika', 4, '2024-07-29', 1, '2024-07-29 14:47:43', '2024-07-29 14:47:43'),
(215, 8, 'R14', 'Selasa', '08:50-09:40', 'Informatika', 4, '2024-07-29', 1, '2024-07-29 14:47:43', '2024-07-29 14:47:43'),
(216, 8, 'R14', 'Selasa', '09:40-10:30', 'Informatika', 4, '2024-07-29', 1, '2024-07-29 14:47:43', '2024-07-29 14:47:43'),
(217, 9, 'R7', 'Senin', '08:00-08:50', 'Informatika', 4, '2024-07-29', 1, '2024-07-29 14:47:43', '2024-07-29 14:47:43'),
(218, 9, 'R7', 'Senin', '08:50-09:40', 'Informatika', 4, '2024-07-29', 1, '2024-07-29 14:47:43', '2024-07-29 14:47:43'),
(219, 9, 'R7', 'Senin', '09:40-10:30', 'Informatika', 4, '2024-07-29', 1, '2024-07-29 14:47:43', '2024-07-29 14:47:43'),
(220, 10, 'R5', 'Rabu', '08:00-08:50', 'Informatika', 4, '2024-07-29', 1, '2024-07-29 14:47:43', '2024-07-29 14:47:43'),
(221, 10, 'R5', 'Rabu', '08:50-09:40', 'Informatika', 4, '2024-07-29', 1, '2024-07-29 14:47:43', '2024-07-29 14:47:43'),
(222, 11, 'R7', 'Kamis', '08:50-09:40', 'Informatika', 4, '2024-07-29', 1, '2024-07-29 14:47:43', '2024-07-29 14:47:43'),
(223, 11, 'R7', 'Kamis', '09:40-10:30', 'Informatika', 4, '2024-07-29', 1, '2024-07-29 14:47:43', '2024-07-29 14:47:43'),
(224, 12, 'R7', 'Kamis', '10:30-11:20', 'Informatika', 4, '2024-07-29', 1, '2024-07-29 14:47:43', '2024-07-29 14:47:43'),
(225, 13, 'R7', 'Rabu', '10:30-11:20', 'Informatika', 4, '2024-07-29', 1, '2024-07-29 14:47:43', '2024-07-29 14:47:43'),
(226, 13, 'R7', 'Rabu', '11:20-12:10', 'Informatika', 4, '2024-07-29', 1, '2024-07-29 14:47:43', '2024-07-29 14:47:43'),
(227, 13, 'R7', 'Rabu', '13:00-13:50', 'Informatika', 4, '2024-07-29', 1, '2024-07-29 14:47:43', '2024-07-29 14:47:43'),
(228, 14, 'R6', 'Jumat', '09:40-10:30', 'Informatika', 4, '2024-07-29', 1, '2024-07-29 14:47:43', '2024-07-29 14:47:43'),
(229, 14, 'R6', 'Jumat', '10:30-11:20', 'Informatika', 4, '2024-07-29', 1, '2024-07-29 14:47:44', '2024-07-29 14:47:44'),
(230, 15, 'R7', 'Jumat', '11:20-12:10', 'Informatika', 4, '2024-07-29', 1, '2024-07-29 14:47:44', '2024-07-29 14:47:44'),
(231, 15, 'R7', 'Jumat', '13:00-13:50', 'Informatika', 4, '2024-07-29', 1, '2024-07-29 14:47:44', '2024-07-29 14:47:44'),
(232, 16, 'R5', 'Rabu', '13:00-13:50', 'Informatika', 4, '2024-07-29', 1, '2024-07-29 14:47:44', '2024-07-29 14:47:44'),
(233, 16, 'R5', 'Rabu', '13:50-14:40', 'Informatika', 4, '2024-07-29', 1, '2024-07-29 14:47:44', '2024-07-29 14:47:44'),
(234, 17, 'R6', 'Kamis', '08:00-08:50', 'Informatika', 4, '2024-07-29', 1, '2024-07-29 14:47:44', '2024-07-29 14:47:44'),
(235, 17, 'R6', 'Kamis', '08:50-09:40', 'Informatika', 4, '2024-07-29', 1, '2024-07-29 14:47:44', '2024-07-29 14:47:44'),
(236, 18, 'R6', 'Kamis', '09:40-10:30', 'Informatika', 4, '2024-07-29', 1, '2024-07-29 14:47:44', '2024-07-29 14:47:44'),
(237, 19, 'R5', 'Jumat', '08:00-08:50', 'Informatika', 4, '2024-07-29', 1, '2024-07-29 14:47:44', '2024-07-29 14:47:44'),
(238, 19, 'R5', 'Jumat', '08:50-09:40', 'Informatika', 4, '2024-07-29', 1, '2024-07-29 14:47:44', '2024-07-29 14:47:44'),
(239, 20, 'R5', 'Jumat', '09:40-10:30', 'Informatika', 4, '2024-07-29', 1, '2024-07-29 14:47:44', '2024-07-29 14:47:44'),
(240, 21, 'R7', 'Selasa', '08:00-08:50', 'Informatika', 4, '2024-07-29', 1, '2024-07-29 14:47:44', '2024-07-29 14:47:44'),
(241, 21, 'R7', 'Selasa', '08:50-09:40', 'Informatika', 4, '2024-07-29', 1, '2024-07-29 14:47:44', '2024-07-29 14:47:44'),
(242, 22, 'R6', 'Selasa', '13:00-13:50', 'Informatika', 4, '2024-07-29', 1, '2024-07-29 14:47:44', '2024-07-29 14:47:44'),
(243, 22, 'R6', 'Selasa', '13:50-14:40', 'Informatika', 4, '2024-07-29', 1, '2024-07-29 14:47:44', '2024-07-29 14:47:44'),
(244, 23, 'R5', 'Rabu', '09:40-10:30', 'Informatika', 4, '2024-07-29', 1, '2024-07-29 14:47:44', '2024-07-29 14:47:44'),
(245, 23, 'R5', 'Rabu', '10:30-11:20', 'Informatika', 4, '2024-07-29', 1, '2024-07-29 14:47:44', '2024-07-29 14:47:44'),
(246, 23, 'R5', 'Rabu', '11:20-12:10', 'Informatika', 4, '2024-07-29', 1, '2024-07-29 14:47:44', '2024-07-29 14:47:44'),
(247, 24, 'R14', 'Jumat', '08:00-08:50', 'Informatika', 4, '2024-07-29', 1, '2024-07-29 14:47:44', '2024-07-29 14:47:44'),
(248, 24, 'R14', 'Jumat', '08:50-09:40', 'Informatika', 4, '2024-07-29', 1, '2024-07-29 14:47:44', '2024-07-29 14:47:44'),
(249, 24, 'R14', 'Jumat', '09:40-10:30', 'Informatika', 4, '2024-07-29', 1, '2024-07-29 14:47:44', '2024-07-29 14:47:44'),
(250, 25, 'R6', 'Rabu', '10:30-11:20', 'Informatika', 4, '2024-07-29', 1, '2024-07-29 14:47:44', '2024-07-29 14:47:44'),
(251, 25, 'R6', 'Rabu', '11:20-12:10', 'Informatika', 4, '2024-07-29', 1, '2024-07-29 14:47:44', '2024-07-29 14:47:44'),
(252, 26, 'R6', 'Rabu', '13:00-13:50', 'Informatika', 4, '2024-07-29', 1, '2024-07-29 14:47:44', '2024-07-29 14:47:44'),
(253, 27, 'R5', 'Senin', '08:00-08:50', 'Informatika', 4, '2024-07-29', 1, '2024-07-29 14:47:44', '2024-07-29 14:47:44'),
(254, 27, 'R5', 'Senin', '08:50-09:40', 'Informatika', 4, '2024-07-29', 1, '2024-07-29 14:47:44', '2024-07-29 14:47:44'),
(255, 27, 'R5', 'Senin', '09:40-10:30', 'Informatika', 4, '2024-07-29', 1, '2024-07-29 14:47:44', '2024-07-29 14:47:44'),
(256, 28, 'R5', 'Selasa', '13:00-13:50', 'Informatika', 4, '2024-07-29', 1, '2024-07-29 14:47:44', '2024-07-29 14:47:44'),
(257, 28, 'R5', 'Selasa', '13:50-14:40', 'Informatika', 4, '2024-07-29', 1, '2024-07-29 14:47:44', '2024-07-29 14:47:44'),
(258, 29, 'R5', 'Senin', '10:30-11:20', 'Informatika', 4, '2024-07-29', 1, '2024-07-29 14:47:45', '2024-07-29 14:47:45'),
(259, 29, 'R5', 'Senin', '11:20-12:10', 'Informatika', 4, '2024-07-29', 1, '2024-07-29 14:47:45', '2024-07-29 14:47:45'),
(260, 30, 'R14', 'Rabu', '13:50-14:40', 'Informatika', 4, '2024-07-29', 1, '2024-07-29 14:47:45', '2024-07-29 14:47:45'),
(261, 30, 'R14', 'Rabu', '14:40-15:30', 'Informatika', 4, '2024-07-29', 1, '2024-07-29 14:47:45', '2024-07-29 14:47:45'),
(262, 31, 'R7', 'Selasa', '13:00-13:50', 'Informatika', 4, '2024-07-29', 1, '2024-07-29 14:47:45', '2024-07-29 14:47:45'),
(263, 31, 'R7', 'Selasa', '13:50-14:40', 'Informatika', 4, '2024-07-29', 1, '2024-07-29 14:47:45', '2024-07-29 14:47:45'),
(264, 89, 'R14', 'Selasa', '10:30-11:20', 'Informatika', 4, '2024-07-29', 1, '2024-07-29 14:47:45', '2024-07-29 14:47:45'),
(265, 89, 'R14', 'Selasa', '11:20-12:10', 'Informatika', 4, '2024-07-29', 1, '2024-07-29 14:47:45', '2024-07-29 14:47:45'),
(266, 89, 'R14', 'Selasa', '13:00-13:50', 'Informatika', 4, '2024-07-29', 1, '2024-07-29 14:47:45', '2024-07-29 14:47:45'),
(267, 71, 'R8', 'Selasa', '10:30-11:20', 'Perencanaan Wilayah dan Kota', 4, '2024-07-29', 1, '2024-07-29 14:51:44', '2024-07-29 14:51:44'),
(268, 71, 'R8', 'Selasa', '11:20-12:10', 'Perencanaan Wilayah dan Kota', 4, '2024-07-29', 1, '2024-07-29 14:51:44', '2024-07-29 14:51:44'),
(269, 72, 'R15', 'Jumat', '13:00-13:50', 'Perencanaan Wilayah dan Kota', 4, '2024-07-29', 1, '2024-07-29 14:51:44', '2024-07-29 14:51:44'),
(270, 72, 'R15', 'Jumat', '13:50-14:40', 'Perencanaan Wilayah dan Kota', 4, '2024-07-29', 1, '2024-07-29 14:51:44', '2024-07-29 14:51:44'),
(271, 73, 'R15', 'Selasa', '08:00-08:50', 'Perencanaan Wilayah dan Kota', 4, '2024-07-29', 1, '2024-07-29 14:51:44', '2024-07-29 14:51:44'),
(272, 73, 'R15', 'Selasa', '08:50-09:40', 'Perencanaan Wilayah dan Kota', 4, '2024-07-29', 1, '2024-07-29 14:51:44', '2024-07-29 14:51:44'),
(273, 74, 'R9', 'Rabu', '08:50-09:40', 'Perencanaan Wilayah dan Kota', 4, '2024-07-29', 1, '2024-07-29 14:51:44', '2024-07-29 14:51:44'),
(274, 74, 'R9', 'Rabu', '09:40-10:30', 'Perencanaan Wilayah dan Kota', 4, '2024-07-29', 1, '2024-07-29 14:51:44', '2024-07-29 14:51:44'),
(275, 74, 'R9', 'Rabu', '10:30-11:20', 'Perencanaan Wilayah dan Kota', 4, '2024-07-29', 1, '2024-07-29 14:51:44', '2024-07-29 14:51:44'),
(276, 75, 'R9', 'Selasa', '09:40-10:30', 'Perencanaan Wilayah dan Kota', 4, '2024-07-29', 1, '2024-07-29 14:51:44', '2024-07-29 14:51:44'),
(277, 75, 'R9', 'Selasa', '10:30-11:20', 'Perencanaan Wilayah dan Kota', 4, '2024-07-29', 1, '2024-07-29 14:51:44', '2024-07-29 14:51:44'),
(278, 75, 'R9', 'Selasa', '11:20-12:10', 'Perencanaan Wilayah dan Kota', 4, '2024-07-29', 1, '2024-07-29 14:51:44', '2024-07-29 14:51:44'),
(279, 75, 'R9', 'Selasa', '13:00-13:50', 'Perencanaan Wilayah dan Kota', 4, '2024-07-29', 1, '2024-07-29 14:51:44', '2024-07-29 14:51:44'),
(280, 75, 'R9', 'Selasa', '13:50-14:40', 'Perencanaan Wilayah dan Kota', 4, '2024-07-29', 1, '2024-07-29 14:51:44', '2024-07-29 14:51:44'),
(281, 76, 'R10', 'Kamis', '08:00-08:50', 'Perencanaan Wilayah dan Kota', 4, '2024-07-29', 1, '2024-07-29 14:51:44', '2024-07-29 14:51:44'),
(282, 76, 'R10', 'Kamis', '08:50-09:40', 'Perencanaan Wilayah dan Kota', 4, '2024-07-29', 1, '2024-07-29 14:51:44', '2024-07-29 14:51:44'),
(283, 77, 'R8', 'Kamis', '11:20-12:10', 'Perencanaan Wilayah dan Kota', 4, '2024-07-29', 1, '2024-07-29 14:51:44', '2024-07-29 14:51:44'),
(284, 77, 'R8', 'Kamis', '13:00-13:50', 'Perencanaan Wilayah dan Kota', 4, '2024-07-29', 1, '2024-07-29 14:51:44', '2024-07-29 14:51:44'),
(285, 78, 'R15', 'Rabu', '10:30-11:20', 'Perencanaan Wilayah dan Kota', 4, '2024-07-29', 1, '2024-07-29 14:51:44', '2024-07-29 14:51:44'),
(286, 78, 'R15', 'Rabu', '11:20-12:10', 'Perencanaan Wilayah dan Kota', 4, '2024-07-29', 1, '2024-07-29 14:51:44', '2024-07-29 14:51:44'),
(287, 78, 'R15', 'Rabu', '13:00-13:50', 'Perencanaan Wilayah dan Kota', 4, '2024-07-29', 1, '2024-07-29 14:51:44', '2024-07-29 14:51:44'),
(288, 79, 'R8', 'Rabu', '13:50-14:40', 'Perencanaan Wilayah dan Kota', 4, '2024-07-29', 1, '2024-07-29 14:51:44', '2024-07-29 14:51:44'),
(289, 79, 'R8', 'Rabu', '14:40-15:30', 'Perencanaan Wilayah dan Kota', 4, '2024-07-29', 1, '2024-07-29 14:51:44', '2024-07-29 14:51:44'),
(290, 80, 'R15', 'Kamis', '08:50-09:40', 'Perencanaan Wilayah dan Kota', 4, '2024-07-29', 1, '2024-07-29 14:51:44', '2024-07-29 14:51:44'),
(291, 80, 'R15', 'Kamis', '09:40-10:30', 'Perencanaan Wilayah dan Kota', 4, '2024-07-29', 1, '2024-07-29 14:51:44', '2024-07-29 14:51:44'),
(292, 80, 'R15', 'Kamis', '10:30-11:20', 'Perencanaan Wilayah dan Kota', 4, '2024-07-29', 1, '2024-07-29 14:51:44', '2024-07-29 14:51:44'),
(293, 80, 'R15', 'Kamis', '11:20-12:10', 'Perencanaan Wilayah dan Kota', 4, '2024-07-29', 1, '2024-07-29 14:51:44', '2024-07-29 14:51:44'),
(294, 80, 'R15', 'Kamis', '13:00-13:50', 'Perencanaan Wilayah dan Kota', 4, '2024-07-29', 1, '2024-07-29 14:51:44', '2024-07-29 14:51:44'),
(295, 81, 'R8', 'Rabu', '08:50-09:40', 'Perencanaan Wilayah dan Kota', 4, '2024-07-29', 1, '2024-07-29 14:51:44', '2024-07-29 14:51:44'),
(296, 81, 'R8', 'Rabu', '09:40-10:30', 'Perencanaan Wilayah dan Kota', 4, '2024-07-29', 1, '2024-07-29 14:51:44', '2024-07-29 14:51:44'),
(297, 82, 'R9', 'Kamis', '13:00-13:50', 'Perencanaan Wilayah dan Kota', 4, '2024-07-29', 1, '2024-07-29 14:51:44', '2024-07-29 14:51:44'),
(298, 82, 'R9', 'Kamis', '13:50-14:40', 'Perencanaan Wilayah dan Kota', 4, '2024-07-29', 1, '2024-07-29 14:51:44', '2024-07-29 14:51:44'),
(299, 82, 'R9', 'Kamis', '14:40-15:30', 'Perencanaan Wilayah dan Kota', 4, '2024-07-29', 1, '2024-07-29 14:51:44', '2024-07-29 14:51:44'),
(300, 83, 'R10', 'Jumat', '11:20-12:10', 'Perencanaan Wilayah dan Kota', 4, '2024-07-29', 1, '2024-07-29 14:51:44', '2024-07-29 14:51:44'),
(301, 83, 'R10', 'Jumat', '13:00-13:50', 'Perencanaan Wilayah dan Kota', 4, '2024-07-29', 1, '2024-07-29 14:51:44', '2024-07-29 14:51:44'),
(302, 83, 'R10', 'Jumat', '13:50-14:40', 'Perencanaan Wilayah dan Kota', 4, '2024-07-29', 1, '2024-07-29 14:51:44', '2024-07-29 14:51:44'),
(303, 83, 'R10', 'Jumat', '14:40-15:30', 'Perencanaan Wilayah dan Kota', 4, '2024-07-29', 1, '2024-07-29 14:51:44', '2024-07-29 14:51:44'),
(304, 84, 'R15', 'Selasa', '10:30-11:20', 'Perencanaan Wilayah dan Kota', 4, '2024-07-29', 1, '2024-07-29 14:51:44', '2024-07-29 14:51:44'),
(305, 84, 'R15', 'Selasa', '11:20-12:10', 'Perencanaan Wilayah dan Kota', 4, '2024-07-29', 1, '2024-07-29 14:51:44', '2024-07-29 14:51:44'),
(306, 85, 'R9', 'Rabu', '13:00-13:50', 'Perencanaan Wilayah dan Kota', 4, '2024-07-29', 1, '2024-07-29 14:51:44', '2024-07-29 14:51:44'),
(307, 85, 'R9', 'Rabu', '13:50-14:40', 'Perencanaan Wilayah dan Kota', 4, '2024-07-29', 1, '2024-07-29 14:51:44', '2024-07-29 14:51:44'),
(308, 86, 'R8', 'Senin', '09:40-10:30', 'Perencanaan Wilayah dan Kota', 4, '2024-07-29', 1, '2024-07-29 14:51:44', '2024-07-29 14:51:44'),
(309, 86, 'R8', 'Senin', '10:30-11:20', 'Perencanaan Wilayah dan Kota', 4, '2024-07-29', 1, '2024-07-29 14:51:44', '2024-07-29 14:51:44'),
(310, 86, 'R8', 'Senin', '11:20-12:10', 'Perencanaan Wilayah dan Kota', 4, '2024-07-29', 1, '2024-07-29 14:51:45', '2024-07-29 14:51:45'),
(311, 86, 'R8', 'Senin', '13:00-13:50', 'Perencanaan Wilayah dan Kota', 4, '2024-07-29', 1, '2024-07-29 14:51:45', '2024-07-29 14:51:45'),
(312, 86, 'R8', 'Senin', '13:50-14:40', 'Perencanaan Wilayah dan Kota', 4, '2024-07-29', 1, '2024-07-29 14:51:45', '2024-07-29 14:51:45'),
(313, 87, 'R9', 'Senin', '09:40-10:30', 'Perencanaan Wilayah dan Kota', 4, '2024-07-29', 1, '2024-07-29 14:51:45', '2024-07-29 14:51:45'),
(314, 87, 'R9', 'Senin', '10:30-11:20', 'Perencanaan Wilayah dan Kota', 4, '2024-07-29', 1, '2024-07-29 14:51:45', '2024-07-29 14:51:45'),
(315, 87, 'R9', 'Senin', '11:20-12:10', 'Perencanaan Wilayah dan Kota', 4, '2024-07-29', 1, '2024-07-29 14:51:45', '2024-07-29 14:51:45'),
(316, 88, 'R10', 'Senin', '08:00-08:50', 'Perencanaan Wilayah dan Kota', 4, '2024-07-29', 1, '2024-07-29 14:51:45', '2024-07-29 14:51:45'),
(317, 88, 'R10', 'Senin', '08:50-09:40', 'Perencanaan Wilayah dan Kota', 4, '2024-07-29', 1, '2024-07-29 14:51:45', '2024-07-29 14:51:45'),
(318, 88, 'R10', 'Senin', '09:40-10:30', 'Perencanaan Wilayah dan Kota', 4, '2024-07-29', 1, '2024-07-29 14:51:45', '2024-07-29 14:51:45'),
(319, 88, 'R10', 'Senin', '10:30-11:20', 'Perencanaan Wilayah dan Kota', 4, '2024-07-29', 1, '2024-07-29 14:51:45', '2024-07-29 14:51:45'),
(320, 61, 'R11', 'Rabu', '08:00-08:50', 'Arsitektur', 4, '2024-07-29', 1, '2024-07-29 14:53:52', '2024-07-29 14:53:52'),
(321, 61, 'R11', 'Rabu', '08:50-09:40', 'Arsitektur', 4, '2024-07-29', 1, '2024-07-29 14:53:52', '2024-07-29 14:53:52'),
(322, 62, 'R16', 'Kamis', '09:40-10:30', 'Arsitektur', 4, '2024-07-29', 1, '2024-07-29 14:53:52', '2024-07-29 14:53:52'),
(323, 62, 'R16', 'Kamis', '10:30-11:20', 'Arsitektur', 4, '2024-07-29', 1, '2024-07-29 14:53:52', '2024-07-29 14:53:52'),
(324, 62, 'R16', 'Kamis', '11:20-12:10', 'Arsitektur', 4, '2024-07-29', 1, '2024-07-29 14:53:52', '2024-07-29 14:53:52'),
(325, 63, 'R13', 'Senin', '10:30-11:20', 'Arsitektur', 4, '2024-07-29', 1, '2024-07-29 14:53:52', '2024-07-29 14:53:52'),
(326, 63, 'R13', 'Senin', '11:20-12:10', 'Arsitektur', 4, '2024-07-29', 1, '2024-07-29 14:53:52', '2024-07-29 14:53:52'),
(327, 64, 'R13', 'Senin', '13:00-13:50', 'Arsitektur', 4, '2024-07-29', 1, '2024-07-29 14:53:52', '2024-07-29 14:53:52'),
(328, 64, 'R13', 'Senin', '13:50-14:40', 'Arsitektur', 4, '2024-07-29', 1, '2024-07-29 14:53:52', '2024-07-29 14:53:52'),
(329, 64, 'R13', 'Senin', '14:40-15:30', 'Arsitektur', 4, '2024-07-29', 1, '2024-07-29 14:53:52', '2024-07-29 14:53:52'),
(330, 65, 'R16', 'Rabu', '08:50-09:40', 'Arsitektur', 4, '2024-07-29', 1, '2024-07-29 14:53:52', '2024-07-29 14:53:52'),
(331, 65, 'R16', 'Rabu', '09:40-10:30', 'Arsitektur', 4, '2024-07-29', 1, '2024-07-29 14:53:52', '2024-07-29 14:53:52'),
(332, 65, 'R16', 'Rabu', '10:30-11:20', 'Arsitektur', 4, '2024-07-29', 1, '2024-07-29 14:53:52', '2024-07-29 14:53:52'),
(333, 66, 'R11', 'Rabu', '09:40-10:30', 'Arsitektur', 4, '2024-07-29', 1, '2024-07-29 14:53:52', '2024-07-29 14:53:52'),
(334, 66, 'R11', 'Rabu', '10:30-11:20', 'Arsitektur', 4, '2024-07-29', 1, '2024-07-29 14:53:52', '2024-07-29 14:53:52'),
(335, 66, 'R11', 'Rabu', '11:20-12:10', 'Arsitektur', 4, '2024-07-29', 1, '2024-07-29 14:53:52', '2024-07-29 14:53:52'),
(336, 67, 'R13', 'Jumat', '08:00-08:50', 'Arsitektur', 4, '2024-07-29', 1, '2024-07-29 14:53:52', '2024-07-29 14:53:52'),
(337, 67, 'R13', 'Jumat', '08:50-09:40', 'Arsitektur', 4, '2024-07-29', 1, '2024-07-29 14:53:52', '2024-07-29 14:53:52'),
(338, 68, 'R12', 'Rabu', '08:00-08:50', 'Arsitektur', 4, '2024-07-29', 1, '2024-07-29 14:53:52', '2024-07-29 14:53:52'),
(339, 68, 'R12', 'Rabu', '08:50-09:40', 'Arsitektur', 4, '2024-07-29', 1, '2024-07-29 14:53:52', '2024-07-29 14:53:52'),
(340, 68, 'R12', 'Rabu', '09:40-10:30', 'Arsitektur', 4, '2024-07-29', 1, '2024-07-29 14:53:53', '2024-07-29 14:53:53'),
(341, 68, 'R12', 'Rabu', '10:30-11:20', 'Arsitektur', 4, '2024-07-29', 1, '2024-07-29 14:53:53', '2024-07-29 14:53:53'),
(342, 69, 'R11', 'Kamis', '09:40-10:30', 'Arsitektur', 4, '2024-07-29', 1, '2024-07-29 14:53:53', '2024-07-29 14:53:53'),
(343, 69, 'R11', 'Kamis', '10:30-11:20', 'Arsitektur', 4, '2024-07-29', 1, '2024-07-29 14:53:53', '2024-07-29 14:53:53'),
(344, 69, 'R11', 'Kamis', '11:20-12:10', 'Arsitektur', 4, '2024-07-29', 1, '2024-07-29 14:53:53', '2024-07-29 14:53:53'),
(345, 69, 'R11', 'Kamis', '13:00-13:50', 'Arsitektur', 4, '2024-07-29', 1, '2024-07-29 14:53:53', '2024-07-29 14:53:53'),
(346, 69, 'R11', 'Kamis', '13:50-14:40', 'Arsitektur', 4, '2024-07-29', 1, '2024-07-29 14:53:53', '2024-07-29 14:53:53'),
(347, 69, 'R11', 'Kamis', '14:40-15:30', 'Arsitektur', 4, '2024-07-29', 1, '2024-07-29 14:53:53', '2024-07-29 14:53:53'),
(348, 70, 'R16', 'Selasa', '08:50-09:40', 'Arsitektur', 4, '2024-07-29', 1, '2024-07-29 14:53:53', '2024-07-29 14:53:53'),
(349, 70, 'R16', 'Selasa', '09:40-10:30', 'Arsitektur', 4, '2024-07-29', 1, '2024-07-29 14:53:53', '2024-07-29 14:53:53'),
(350, 70, 'R16', 'Selasa', '10:30-11:20', 'Arsitektur', 4, '2024-07-29', 1, '2024-07-29 14:53:53', '2024-07-29 14:53:53'),
(351, 70, 'R16', 'Selasa', '11:20-12:10', 'Arsitektur', 4, '2024-07-29', 1, '2024-07-29 14:53:53', '2024-07-29 14:53:53'),
(352, 70, 'R16', 'Selasa', '13:00-13:50', 'Arsitektur', 4, '2024-07-29', 1, '2024-07-29 14:53:53', '2024-07-29 14:53:53'),
(353, 70, 'R16', 'Selasa', '13:50-14:40', 'Arsitektur', 4, '2024-07-29', 1, '2024-07-29 14:53:53', '2024-07-29 14:53:53'),
(354, 32, 'R2', 'Rabu', '08:50-09:40', 'Sipil', 4, '2024-07-29', 1, '2024-07-29 15:04:33', '2024-07-29 15:04:33'),
(355, 32, 'R2', 'Rabu', '09:40-10:30', 'Sipil', 4, '2024-07-29', 1, '2024-07-29 15:04:33', '2024-07-29 15:04:33'),
(356, 32, 'R2', 'Rabu', '10:30-11:20', 'Sipil', 4, '2024-07-29', 1, '2024-07-29 15:04:33', '2024-07-29 15:04:33'),
(357, 33, 'R2', 'Senin', '08:00-08:50', 'Sipil', 4, '2024-07-29', 1, '2024-07-29 15:04:33', '2024-07-29 15:04:33'),
(358, 33, 'R2', 'Senin', '08:50-09:40', 'Sipil', 4, '2024-07-29', 1, '2024-07-29 15:04:33', '2024-07-29 15:04:33'),
(359, 34, 'R4', 'Senin', '08:50-09:40', 'Sipil', 4, '2024-07-29', 1, '2024-07-29 15:04:33', '2024-07-29 15:04:33'),
(360, 34, 'R4', 'Senin', '09:40-10:30', 'Sipil', 4, '2024-07-29', 1, '2024-07-29 15:04:33', '2024-07-29 15:04:33'),
(361, 35, 'R4', 'Jumat', '11:20-12:10', 'Sipil', 4, '2024-07-29', 1, '2024-07-29 15:04:33', '2024-07-29 15:04:33'),
(362, 35, 'R4', 'Jumat', '13:00-13:50', 'Sipil', 4, '2024-07-29', 1, '2024-07-29 15:04:33', '2024-07-29 15:04:33'),
(363, 35, 'R4', 'Jumat', '13:50-14:40', 'Sipil', 4, '2024-07-29', 1, '2024-07-29 15:04:33', '2024-07-29 15:04:33'),
(364, 36, 'R3', 'Selasa', '09:40-10:30', 'Sipil', 4, '2024-07-29', 1, '2024-07-29 15:04:33', '2024-07-29 15:04:33'),
(365, 36, 'R3', 'Selasa', '10:30-11:20', 'Sipil', 4, '2024-07-29', 1, '2024-07-29 15:04:33', '2024-07-29 15:04:33'),
(366, 36, 'R3', 'Selasa', '11:20-12:10', 'Sipil', 4, '2024-07-29', 1, '2024-07-29 15:04:33', '2024-07-29 15:04:33'),
(367, 37, 'R4', 'Rabu', '08:00-08:50', 'Sipil', 4, '2024-07-29', 1, '2024-07-29 15:04:33', '2024-07-29 15:04:33'),
(368, 37, 'R4', 'Rabu', '08:50-09:40', 'Sipil', 4, '2024-07-29', 1, '2024-07-29 15:04:34', '2024-07-29 15:04:34'),
(369, 37, 'R4', 'Rabu', '09:40-10:30', 'Sipil', 4, '2024-07-29', 1, '2024-07-29 15:04:34', '2024-07-29 15:04:34'),
(370, 38, 'R4', 'Kamis', '09:40-10:30', 'Sipil', 4, '2024-07-29', 1, '2024-07-29 15:04:34', '2024-07-29 15:04:34'),
(371, 38, 'R4', 'Kamis', '10:30-11:20', 'Sipil', 4, '2024-07-29', 1, '2024-07-29 15:04:34', '2024-07-29 15:04:34'),
(372, 38, 'R4', 'Kamis', '11:20-12:10', 'Sipil', 4, '2024-07-29', 1, '2024-07-29 15:04:34', '2024-07-29 15:04:34'),
(373, 39, 'R3', 'Senin', '08:50-09:40', 'Sipil', 4, '2024-07-29', 1, '2024-07-29 15:04:34', '2024-07-29 15:04:34'),
(374, 39, 'R3', 'Senin', '09:40-10:30', 'Sipil', 4, '2024-07-29', 1, '2024-07-29 15:04:34', '2024-07-29 15:04:34'),
(375, 40, 'R3', 'Rabu', '13:00-13:50', 'Sipil', 4, '2024-07-29', 1, '2024-07-29 15:04:34', '2024-07-29 15:04:34'),
(376, 40, 'R3', 'Rabu', '13:50-14:40', 'Sipil', 4, '2024-07-29', 1, '2024-07-29 15:04:34', '2024-07-29 15:04:34'),
(377, 40, 'R3', 'Rabu', '14:40-15:30', 'Sipil', 4, '2024-07-29', 1, '2024-07-29 15:04:34', '2024-07-29 15:04:34'),
(378, 41, 'R2', 'Jumat', '09:40-10:30', 'Sipil', 4, '2024-07-29', 1, '2024-07-29 15:04:34', '2024-07-29 15:04:34'),
(379, 41, 'R2', 'Jumat', '10:30-11:20', 'Sipil', 4, '2024-07-29', 1, '2024-07-29 15:04:34', '2024-07-29 15:04:34'),
(380, 42, 'R1', 'Selasa', '08:00-08:50', 'Sipil', 4, '2024-07-29', 1, '2024-07-29 15:04:34', '2024-07-29 15:04:34'),
(381, 42, 'R1', 'Selasa', '08:50-09:40', 'Sipil', 4, '2024-07-29', 1, '2024-07-29 15:04:34', '2024-07-29 15:04:34'),
(382, 42, 'R1', 'Selasa', '09:40-10:30', 'Sipil', 4, '2024-07-29', 1, '2024-07-29 15:04:34', '2024-07-29 15:04:34'),
(383, 43, 'R2', 'Senin', '11:20-12:10', 'Sipil', 4, '2024-07-29', 1, '2024-07-29 15:04:34', '2024-07-29 15:04:34'),
(384, 43, 'R2', 'Senin', '13:00-13:50', 'Sipil', 4, '2024-07-29', 1, '2024-07-29 15:04:34', '2024-07-29 15:04:34'),
(385, 44, 'R1', 'Jumat', '13:00-13:50', 'Sipil', 4, '2024-07-29', 1, '2024-07-29 15:04:34', '2024-07-29 15:04:34'),
(386, 44, 'R1', 'Jumat', '13:50-14:40', 'Sipil', 4, '2024-07-29', 1, '2024-07-29 15:04:34', '2024-07-29 15:04:34'),
(387, 45, 'R1', 'Senin', '08:50-09:40', 'Sipil', 4, '2024-07-29', 1, '2024-07-29 15:04:34', '2024-07-29 15:04:34'),
(388, 45, 'R1', 'Senin', '09:40-10:30', 'Sipil', 4, '2024-07-29', 1, '2024-07-29 15:04:34', '2024-07-29 15:04:34'),
(389, 45, 'R1', 'Senin', '10:30-11:20', 'Sipil', 4, '2024-07-29', 1, '2024-07-29 15:04:34', '2024-07-29 15:04:34'),
(390, 46, 'R3', 'Rabu', '08:00-08:50', 'Sipil', 4, '2024-07-29', 1, '2024-07-29 15:04:34', '2024-07-29 15:04:34'),
(391, 47, 'R1', 'Kamis', '09:40-10:30', 'Sipil', 4, '2024-07-29', 1, '2024-07-29 15:04:34', '2024-07-29 15:04:34'),
(392, 47, 'R1', 'Kamis', '10:30-11:20', 'Sipil', 4, '2024-07-29', 1, '2024-07-29 15:04:34', '2024-07-29 15:04:34'),
(393, 48, 'R3', 'Selasa', '08:00-08:50', 'Sipil', 4, '2024-07-29', 1, '2024-07-29 15:04:34', '2024-07-29 15:04:34'),
(394, 48, 'R3', 'Selasa', '08:50-09:40', 'Sipil', 4, '2024-07-29', 1, '2024-07-29 15:04:34', '2024-07-29 15:04:34'),
(395, 49, 'R2', 'Rabu', '13:50-14:40', 'Sipil', 4, '2024-07-29', 1, '2024-07-29 15:04:34', '2024-07-29 15:04:34'),
(396, 49, 'R2', 'Rabu', '14:40-15:30', 'Sipil', 4, '2024-07-29', 1, '2024-07-29 15:04:34', '2024-07-29 15:04:34'),
(397, 50, 'R3', 'Jumat', '08:50-09:40', 'Sipil', 4, '2024-07-29', 1, '2024-07-29 15:04:34', '2024-07-29 15:04:34'),
(398, 50, 'R3', 'Jumat', '09:40-10:30', 'Sipil', 4, '2024-07-29', 1, '2024-07-29 15:04:34', '2024-07-29 15:04:34'),
(399, 50, 'R3', 'Jumat', '10:30-11:20', 'Sipil', 4, '2024-07-29', 1, '2024-07-29 15:04:34', '2024-07-29 15:04:34'),
(400, 51, 'R2', 'Senin', '09:40-10:30', 'Sipil', 4, '2024-07-29', 1, '2024-07-29 15:04:34', '2024-07-29 15:04:34'),
(401, 51, 'R2', 'Senin', '10:30-11:20', 'Sipil', 4, '2024-07-29', 1, '2024-07-29 15:04:34', '2024-07-29 15:04:34'),
(402, 52, 'R1', 'Rabu', '09:40-10:30', 'Sipil', 4, '2024-07-29', 1, '2024-07-29 15:04:34', '2024-07-29 15:04:34'),
(403, 52, 'R1', 'Rabu', '10:30-11:20', 'Sipil', 4, '2024-07-29', 1, '2024-07-29 15:04:34', '2024-07-29 15:04:34'),
(404, 53, 'R4', 'Senin', '13:50-14:40', 'Sipil', 4, '2024-07-29', 1, '2024-07-29 15:04:34', '2024-07-29 15:04:34'),
(405, 53, 'R4', 'Senin', '14:40-15:30', 'Sipil', 4, '2024-07-29', 1, '2024-07-29 15:04:34', '2024-07-29 15:04:34'),
(406, 54, 'R3', 'Jumat', '11:20-12:10', 'Sipil', 4, '2024-07-29', 1, '2024-07-29 15:04:34', '2024-07-29 15:04:34'),
(407, 54, 'R3', 'Jumat', '13:00-13:50', 'Sipil', 4, '2024-07-29', 1, '2024-07-29 15:04:34', '2024-07-29 15:04:34'),
(408, 55, 'R1', 'Selasa', '13:50-14:40', 'Sipil', 4, '2024-07-29', 1, '2024-07-29 15:04:34', '2024-07-29 15:04:34'),
(409, 55, 'R1', 'Selasa', '14:40-15:30', 'Sipil', 4, '2024-07-29', 1, '2024-07-29 15:04:34', '2024-07-29 15:04:34'),
(410, 56, 'R4', 'Selasa', '08:50-09:40', 'Sipil', 4, '2024-07-29', 1, '2024-07-29 15:04:35', '2024-07-29 15:04:35'),
(411, 56, 'R4', 'Selasa', '09:40-10:30', 'Sipil', 4, '2024-07-29', 1, '2024-07-29 15:04:35', '2024-07-29 15:04:35'),
(412, 57, 'R1', 'Selasa', '10:30-11:20', 'Sipil', 4, '2024-07-29', 1, '2024-07-29 15:04:35', '2024-07-29 15:04:35'),
(413, 58, 'R3', 'Rabu', '10:30-11:20', 'Sipil', 4, '2024-07-29', 1, '2024-07-29 15:04:35', '2024-07-29 15:04:35'),
(414, 58, 'R3', 'Rabu', '11:20-12:10', 'Sipil', 4, '2024-07-29', 1, '2024-07-29 15:04:35', '2024-07-29 15:04:35'),
(415, 59, 'R4', 'Jumat', '08:00-08:50', 'Sipil', 4, '2024-07-29', 1, '2024-07-29 15:04:35', '2024-07-29 15:04:35'),
(416, 59, 'R4', 'Jumat', '08:50-09:40', 'Sipil', 4, '2024-07-29', 1, '2024-07-29 15:04:35', '2024-07-29 15:04:35'),
(417, 60, 'R2', 'Jumat', '13:50-14:40', 'Sipil', 4, '2024-07-29', 1, '2024-07-29 15:04:35', '2024-07-29 15:04:35');
INSERT INTO `riwayat_random_jadwal` (`id`, `kelas_id`, `kd_ruang`, `hari`, `jam`, `prodi`, `tahun_ajaran_id`, `generate_date`, `generate_count`, `created_at`, `updated_at`) VALUES
(418, 60, 'R2', 'Jumat', '14:40-15:30', 'Sipil', 4, '2024-07-29', 1, '2024-07-29 15:04:35', '2024-07-29 15:04:35'),
(419, 90, '5', 'Rabu', '11:20-12:10', 'Informatika', 5, '2024-07-30', 1, '2024-07-29 18:00:38', '2024-07-29 18:00:38'),
(420, 90, '5', 'Rabu', '13:00-13:50', 'Informatika', 5, '2024-07-30', 1, '2024-07-29 18:00:38', '2024-07-29 18:00:38'),
(421, 90, '5', 'Rabu', '13:50-14:40', 'Informatika', 5, '2024-07-30', 1, '2024-07-29 18:00:38', '2024-07-29 18:00:38'),
(422, 91, '5', 'Selasa', '13:50-14:40', 'Informatika', 5, '2024-07-30', 1, '2024-07-29 18:00:38', '2024-07-29 18:00:38'),
(423, 91, '5', 'Selasa', '14:40-15:30', 'Informatika', 5, '2024-07-30', 1, '2024-07-29 18:00:38', '2024-07-29 18:00:38'),
(424, 92, '6', 'Jumat', '14:40-15:30', 'Informatika', 5, '2024-07-30', 1, '2024-07-29 18:00:38', '2024-07-29 18:00:38'),
(425, 93, '7', 'Rabu', '11:20-12:10', 'Informatika', 5, '2024-07-30', 1, '2024-07-29 18:00:38', '2024-07-29 18:00:38'),
(426, 93, '7', 'Rabu', '13:00-13:50', 'Informatika', 5, '2024-07-30', 1, '2024-07-29 18:00:38', '2024-07-29 18:00:38'),
(427, 94, '7', 'Rabu', '13:50-14:40', 'Informatika', 5, '2024-07-30', 1, '2024-07-29 18:00:38', '2024-07-29 18:00:38'),
(428, 95, '14', 'Rabu', '08:00-08:50', 'Informatika', 5, '2024-07-30', 1, '2024-07-29 18:00:38', '2024-07-29 18:00:38'),
(429, 95, '14', 'Rabu', '08:50-09:40', 'Informatika', 5, '2024-07-30', 1, '2024-07-29 18:00:38', '2024-07-29 18:00:38'),
(430, 96, '14', 'Rabu', '09:40-10:30', 'Informatika', 5, '2024-07-30', 1, '2024-07-29 18:00:38', '2024-07-29 18:00:38'),
(431, 97, '5', 'Kamis', '08:50-09:40', 'Informatika', 5, '2024-07-30', 1, '2024-07-29 18:00:38', '2024-07-29 18:00:38'),
(432, 97, '5', 'Kamis', '09:40-10:30', 'Informatika', 5, '2024-07-30', 1, '2024-07-29 18:00:38', '2024-07-29 18:00:38'),
(433, 97, '5', 'Kamis', '10:30-11:20', 'Informatika', 5, '2024-07-30', 1, '2024-07-29 18:00:38', '2024-07-29 18:00:38'),
(434, 98, '6', 'Senin', '11:20-12:10', 'Informatika', 5, '2024-07-30', 1, '2024-07-29 18:00:38', '2024-07-29 18:00:38'),
(435, 98, '6', 'Senin', '13:00-13:50', 'Informatika', 5, '2024-07-30', 1, '2024-07-29 18:00:38', '2024-07-29 18:00:38'),
(436, 99, '6', 'Senin', '13:50-14:40', 'Informatika', 5, '2024-07-30', 1, '2024-07-29 18:00:38', '2024-07-29 18:00:38'),
(437, 100, 'bph2', 'Selasa', '13:50-14:40', 'Umum', 5, '2024-07-30', 1, '2024-07-29 18:00:38', '2024-07-29 18:00:38'),
(438, 100, 'bph2', 'Selasa', '14:40-15:30', 'Umum', 5, '2024-07-30', 1, '2024-07-29 18:00:38', '2024-07-29 18:00:38'),
(439, 101, 'bph2', 'Rabu', '08:00-08:50', 'Umum', 5, '2024-07-30', 1, '2024-07-29 18:00:38', '2024-07-29 18:00:38'),
(440, 101, 'bph2', 'Rabu', '08:50-09:40', 'Umum', 5, '2024-07-30', 1, '2024-07-29 18:00:38', '2024-07-29 18:00:38'),
(441, 102, 'bph2', 'Kamis', '08:00-08:50', 'Umum', 5, '2024-07-30', 1, '2024-07-29 18:00:38', '2024-07-29 18:00:38'),
(442, 102, 'bph2', 'Kamis', '08:50-09:40', 'Umum', 5, '2024-07-30', 1, '2024-07-29 18:00:38', '2024-07-29 18:00:38'),
(443, 103, 'bph2', 'Kamis', '09:40-10:30', 'Umum', 5, '2024-07-30', 1, '2024-07-29 18:00:38', '2024-07-29 18:00:38'),
(444, 103, 'bph2', 'Kamis', '10:30-11:20', 'Umum', 5, '2024-07-30', 1, '2024-07-29 18:00:38', '2024-07-29 18:00:38'),
(445, 104, 'bph2', 'Senin', '09:40-10:30', 'Umum', 5, '2024-07-30', 1, '2024-07-29 18:00:38', '2024-07-29 18:00:38'),
(446, 104, 'bph2', 'Senin', '10:30-11:20', 'Umum', 5, '2024-07-30', 1, '2024-07-29 18:00:39', '2024-07-29 18:00:39'),
(447, 105, '11', 'Kamis', '13:00-13:50', 'Arsitektur', 5, '2024-07-30', 1, '2024-07-29 18:27:40', '2024-07-29 18:27:40'),
(448, 105, '11', 'Kamis', '13:50-14:40', 'Arsitektur', 5, '2024-07-30', 1, '2024-07-29 18:27:40', '2024-07-29 18:27:40'),
(449, 105, '11', 'Kamis', '14:40-15:30', 'Arsitektur', 5, '2024-07-30', 1, '2024-07-29 18:27:40', '2024-07-29 18:27:40'),
(450, 106, '16', 'Selasa', '08:00-08:50', 'Arsitektur', 5, '2024-07-30', 1, '2024-07-29 18:27:41', '2024-07-29 18:27:41'),
(451, 106, '16', 'Selasa', '08:50-09:40', 'Arsitektur', 5, '2024-07-30', 1, '2024-07-29 18:27:41', '2024-07-29 18:27:41'),
(452, 106, '16', 'Selasa', '09:40-10:30', 'Arsitektur', 5, '2024-07-30', 1, '2024-07-29 18:27:41', '2024-07-29 18:27:41'),
(453, 107, '16', 'Senin', '08:00-08:50', 'Arsitektur', 5, '2024-07-30', 1, '2024-07-29 18:27:41', '2024-07-29 18:27:41'),
(454, 107, '16', 'Senin', '08:50-09:40', 'Arsitektur', 5, '2024-07-30', 1, '2024-07-29 18:27:41', '2024-07-29 18:27:41'),
(455, 108, '13', 'Senin', '11:20-12:10', 'Arsitektur', 5, '2024-07-30', 1, '2024-07-29 18:27:41', '2024-07-29 18:27:41'),
(456, 108, '13', 'Senin', '13:00-13:50', 'Arsitektur', 5, '2024-07-30', 1, '2024-07-29 18:27:41', '2024-07-29 18:27:41'),
(457, 108, '13', 'Senin', '13:50-14:40', 'Arsitektur', 5, '2024-07-30', 1, '2024-07-29 18:27:41', '2024-07-29 18:27:41'),
(458, 109, '11', 'Rabu', '08:50-09:40', 'Arsitektur', 5, '2024-07-30', 1, '2024-07-29 18:27:41', '2024-07-29 18:27:41'),
(459, 109, '11', 'Rabu', '09:40-10:30', 'Arsitektur', 5, '2024-07-30', 1, '2024-07-29 18:27:41', '2024-07-29 18:27:41'),
(460, 110, '13', 'Kamis', '08:00-08:50', 'Arsitektur', 5, '2024-07-30', 1, '2024-07-29 18:27:41', '2024-07-29 18:27:41'),
(461, 110, '13', 'Kamis', '08:50-09:40', 'Arsitektur', 5, '2024-07-30', 1, '2024-07-29 18:27:41', '2024-07-29 18:27:41'),
(462, 110, '13', 'Kamis', '09:40-10:30', 'Arsitektur', 5, '2024-07-30', 1, '2024-07-29 18:27:41', '2024-07-29 18:27:41'),
(463, 110, '13', 'Kamis', '10:30-11:20', 'Arsitektur', 5, '2024-07-30', 1, '2024-07-29 18:27:41', '2024-07-29 18:27:41'),
(464, 110, '13', 'Kamis', '11:20-12:10', 'Arsitektur', 5, '2024-07-30', 1, '2024-07-29 18:27:41', '2024-07-29 18:27:41'),
(465, 110, '13', 'Kamis', '13:00-13:50', 'Arsitektur', 5, '2024-07-30', 1, '2024-07-29 18:27:41', '2024-07-29 18:27:41');

-- --------------------------------------------------------

--
-- Table structure for table `ruang`
--

CREATE TABLE `ruang` (
  `kd_ruang` varchar(255) COLLATE utf8mb4_unicode_ci NOT NULL,
  `nama_ruang` varchar(255) COLLATE utf8mb4_unicode_ci NOT NULL,
  `prodi` varchar(255) COLLATE utf8mb4_unicode_ci NOT NULL,
  `kapasitas` varchar(255) COLLATE utf8mb4_unicode_ci NOT NULL,
  `created_at` timestamp NULL DEFAULT NULL,
  `updated_at` timestamp NULL DEFAULT NULL,
  `tahun_ajaran_id` bigint(20) UNSIGNED NOT NULL
) ENGINE=InnoDB DEFAULT CHARSET=utf8mb4 COLLATE=utf8mb4_unicode_ci;

--
-- Dumping data for table `ruang`
--

INSERT INTO `ruang` (`kd_ruang`, `nama_ruang`, `prodi`, `kapasitas`, `created_at`, `updated_at`, `tahun_ajaran_id`) VALUES
('1', 'Ruang Kuliah', 'Sipil', '35', '2024-07-17 17:21:14', '2024-07-17 17:21:14', 5),
('10', 'Ruang Kuliah', 'Perencanaan Wilayah dan Kota', '35', '2024-07-17 17:50:40', '2024-07-17 17:50:40', 5),
('11', 'Ruang Kuliah', 'Arsitektur', '35', '2024-07-17 18:25:42', '2024-07-17 18:25:42', 5),
('12', 'Ruang Kuliah', 'Arsitektur', '35', '2024-07-17 18:26:21', '2024-07-17 18:26:21', 5),
('13', 'Ruang Kuliah', 'Arsitektur', '35', '2024-07-17 18:26:52', '2024-07-17 18:26:52', 5),
('14', 'Laboratorium', 'Informatika', '35', '2024-07-17 18:27:33', '2024-07-17 18:27:33', 5),
('15', 'Laboratorium', 'Perencanaan Wilayah dan Kota', '35', '2024-07-17 18:28:20', '2024-07-17 18:28:20', 5),
('16', 'Laboratorium', 'Arsitektur', '35', '2024-07-17 18:29:02', '2024-07-17 18:29:02', 5),
('17', 'Laboratorium', 'Sipil', '50', '2024-07-17 18:29:40', '2024-07-17 18:29:40', 5),
('2', 'Ruang Kuliah', 'Sipil', '35', '2024-07-17 17:21:55', '2024-07-17 17:21:55', 5),
('3', 'Ruang Kuliah', 'Sipil', '35', '2024-07-17 17:22:25', '2024-07-17 17:22:25', 5),
('5', 'Ruang Kuliah', 'Informatika', '35', '2024-07-17 17:23:02', '2024-07-17 17:23:02', 5),
('6', 'Ruang Kuliah', 'Informatika', '35', '2024-07-17 17:23:37', '2024-07-17 17:23:37', 5),
('7', 'Ruang Kuliah', 'Informatika', '35', '2024-07-17 17:24:10', '2024-07-17 17:24:10', 5),
('8', 'Ruang Kuliah', 'Perencanaan Wilayah dan Kota', '35', '2024-07-17 17:47:09', '2024-07-17 17:47:09', 5),
('9', 'Ruang Kuliah', 'Perencanaan Wilayah dan Kota', '35', '2024-07-17 17:51:34', '2024-07-17 17:51:34', 5),
('BPH', 'BPH', 'Umum', '50', '2024-07-14 15:41:21', '2024-07-14 15:41:21', 4),
('bph2', 'BPH', 'Umum', '35', '2024-07-17 18:38:20', '2024-07-17 18:38:20', 5),
('R1', 'Ruang Kuliah', 'Sipil', '35', '2024-07-14 08:01:08', '2024-07-14 08:01:08', 4),
('R10', 'Ruang Kuliah', 'Perencanaan Wilayah dan Kota', '35', '2024-07-14 08:07:41', '2024-07-14 08:07:41', 4),
('R11', 'Ruang Kuliah', 'Arsitektur', '35', '2024-07-14 08:08:16', '2024-07-14 08:08:16', 4),
('R12', 'Ruang Kuliah', 'Arsitektur', '35', '2024-07-14 08:09:27', '2024-07-14 08:09:27', 4),
('R13', 'Ruang Kuliah', 'Arsitektur', '35', '2024-07-14 08:10:20', '2024-07-14 08:10:20', 4),
('R14', 'Laboratorium', 'Informatika', '35', '2024-07-14 08:10:53', '2024-07-14 08:10:53', 4),
('R15', 'Laboratorium', 'Perencanaan Wilayah dan Kota', '35', '2024-07-14 08:11:34', '2024-07-14 08:11:34', 4),
('R16', 'Laboratorium', 'Arsitektur', '35', '2024-07-14 08:12:23', '2024-07-14 08:12:23', 4),
('R17', 'Ruang Kuliah', 'Umum', '50', '2024-07-14 15:53:56', '2024-07-14 15:53:56', 4),
('R2', 'Ruang Kuliah', 'Sipil', '35', '2024-07-14 08:01:47', '2024-07-14 08:01:47', 4),
('R3', 'Ruang Kuliah', 'Sipil', '35', '2024-07-14 08:02:09', '2024-07-14 08:02:09', 4),
('R4', 'Ruang Kuliah', 'Sipil', '35', '2024-07-14 15:44:08', '2024-07-14 15:44:08', 4),
('R5', 'Ruang Kuliah', 'Informatika', '35', '2024-07-14 08:03:14', '2024-07-14 08:03:14', 4),
('R6', 'Ruang Kuliah', 'Informatika', '35', '2024-07-14 08:03:39', '2024-07-14 08:03:39', 4),
('R7', 'Ruang Kuliah', 'Informatika', '35', '2024-07-14 08:04:24', '2024-07-14 08:04:24', 4),
('R8', 'Ruang Kuliah', 'Perencanaan Wilayah dan Kota', '35', '2024-07-14 08:05:11', '2024-07-14 08:05:11', 4),
('R9', 'Ruang Kuliah', 'Perencanaan Wilayah dan Kota', '35', '2024-07-14 08:07:15', '2024-07-14 08:07:15', 4);

-- --------------------------------------------------------

--
-- Table structure for table `tahunajarans`
--

CREATE TABLE `tahunajarans` (
  `id` bigint(20) UNSIGNED NOT NULL,
  `tahun_ajaran` varchar(255) COLLATE utf8mb4_unicode_ci NOT NULL,
  `is_active` tinyint(1) NOT NULL DEFAULT '0',
  `created_at` timestamp NULL DEFAULT NULL,
  `updated_at` timestamp NULL DEFAULT NULL,
  `ganjil_genap` varchar(50) COLLATE utf8mb4_unicode_ci DEFAULT NULL
) ENGINE=InnoDB DEFAULT CHARSET=utf8mb4 COLLATE=utf8mb4_unicode_ci;

--
-- Dumping data for table `tahunajarans`
--

INSERT INTO `tahunajarans` (`id`, `tahun_ajaran`, `is_active`, `created_at`, `updated_at`, `ganjil_genap`) VALUES
(2, '2022/2023 Ganjil', 0, '2024-05-04 23:12:38', '2024-07-29 17:24:55', NULL),
(3, '2022/2023 Genap', 0, '2024-05-04 23:14:33', '2024-07-29 17:24:55', NULL),
(4, '2023/2024 Ganjil', 0, '2024-05-04 23:14:40', '2024-07-29 17:24:55', NULL),
(5, '2023/2024 Genap', 1, '2024-05-21 04:24:44', '2024-07-29 17:24:55', NULL);

-- --------------------------------------------------------

--
-- Table structure for table `users`
--

CREATE TABLE `users` (
  `id` bigint(20) UNSIGNED NOT NULL,
  `name` varchar(255) COLLATE utf8mb4_unicode_ci NOT NULL,
  `email` varchar(255) COLLATE utf8mb4_unicode_ci NOT NULL,
  `email_verified_at` timestamp NULL DEFAULT NULL,
  `password` varchar(255) COLLATE utf8mb4_unicode_ci NOT NULL,
  `remember_token` varchar(100) COLLATE utf8mb4_unicode_ci DEFAULT NULL,
  `created_at` timestamp NULL DEFAULT NULL,
  `updated_at` timestamp NULL DEFAULT NULL,
  `level` enum('af','ap') COLLATE utf8mb4_unicode_ci NOT NULL,
  `prodi` varchar(50) COLLATE utf8mb4_unicode_ci DEFAULT NULL
) ENGINE=InnoDB DEFAULT CHARSET=utf8mb4 COLLATE=utf8mb4_unicode_ci;

--
-- Dumping data for table `users`
--

INSERT INTO `users` (`id`, `name`, `email`, `email_verified_at`, `password`, `remember_token`, `created_at`, `updated_at`, `level`, `prodi`) VALUES
(1, 'Novia', 'af@gmail.com', NULL, '$2y$10$M7hUa9bLUwKN4fqQmt0geOz60OL7e6hGijB32F2q7yxf3MMxBZ5Am', NULL, '2024-05-03 23:55:14', '2024-06-19 05:01:06', 'af', NULL),
(2, 'admin prodi informatika', 'informatika@gmail.com', NULL, '$2y$10$VXUs9LMl68yFC7518jg2h.UrqHY6SPC7tFZK.GLTS9SNNGa1NWoka', NULL, '2024-05-05 04:48:06', '2024-06-12 20:13:16', 'ap', 'Informatika'),
(3, 'admin prodi sipil', 'sipil@gmail.com', NULL, '$2y$10$Vn/tp44ZRRv8gsFdl7hHUuU..Sn0VYb9HUEyp3HW51V.6cLwkjYRW', NULL, '2024-06-12 21:24:11', '2024-06-12 21:24:11', 'ap', 'Sipil'),
(4, 'admin prodi arsitektur', 'arsitektur@gmail.com', NULL, '$2y$10$AUANj4hGwh2oFYxqhzCkLu8y5EzqVtWlrJvi1GLU0k3nlBtN.brvO', NULL, '2024-06-19 04:55:43', '2024-06-19 04:55:43', 'ap', 'Arsitektur'),
(5, 'admin prodi perencanaan wilayah dan kota', 'pwk@gmail.com', NULL, '$2y$10$4/MArKIYJ9RKXO.VVkq1geWaoWjY3Rc1rINSG6wSAGn1BHYfslZV.', NULL, '2024-06-19 04:57:35', '2024-06-19 04:57:35', 'ap', 'Perencanaan Wilayah dan Kota');

--
-- Indexes for dumped tables
--

--
-- Indexes for table `dosen`
--
ALTER TABLE `dosen`
  ADD PRIMARY KEY (`nidn`);

--
-- Indexes for table `jadwal`
--
ALTER TABLE `jadwal`
  ADD PRIMARY KEY (`id`),
  ADD KEY `jadwal_kelas_id_foreign` (`kelas_id`),
  ADD KEY `jadwal_tahun_ajaran_id_foreign` (`tahun_ajaran_id`),
  ADD KEY `kd_ruang` (`kd_ruang`);

--
-- Indexes for table `kelas`
--
ALTER TABLE `kelas`
  ADD PRIMARY KEY (`id`),
  ADD KEY `kelas_tahun_ajaran_id_foreign` (`tahun_ajaran_id`),
  ADD KEY `nidn` (`nidn1`),
  ADD KEY `kd_matkul` (`kd_matkul`),
  ADD KEY `nidn2` (`nidn2`);

--
-- Indexes for table `matkul`
--
ALTER TABLE `matkul`
  ADD PRIMARY KEY (`kd_matkul`);

--
-- Indexes for table `riwayat_random_jadwal`
--
ALTER TABLE `riwayat_random_jadwal`
  ADD PRIMARY KEY (`id`),
  ADD KEY `kelas_id` (`kelas_id`),
  ADD KEY `tahun_ajaran_id` (`tahun_ajaran_id`);

--
-- Indexes for table `ruang`
--
ALTER TABLE `ruang`
  ADD PRIMARY KEY (`kd_ruang`),
  ADD KEY `tahun_ajaran_id` (`tahun_ajaran_id`);

--
-- Indexes for table `tahunajarans`
--
ALTER TABLE `tahunajarans`
  ADD PRIMARY KEY (`id`);

--
-- Indexes for table `users`
--
ALTER TABLE `users`
  ADD PRIMARY KEY (`id`),
  ADD UNIQUE KEY `users_email_unique` (`email`);

--
-- AUTO_INCREMENT for dumped tables
--

--
-- AUTO_INCREMENT for table `jadwal`
--
ALTER TABLE `jadwal`
  MODIFY `id` bigint(20) UNSIGNED NOT NULL AUTO_INCREMENT, AUTO_INCREMENT=267;

--
-- AUTO_INCREMENT for table `kelas`
--
ALTER TABLE `kelas`
  MODIFY `id` bigint(20) UNSIGNED NOT NULL AUTO_INCREMENT, AUTO_INCREMENT=111;

--
-- AUTO_INCREMENT for table `riwayat_random_jadwal`
--
ALTER TABLE `riwayat_random_jadwal`
  MODIFY `id` bigint(20) UNSIGNED NOT NULL AUTO_INCREMENT, AUTO_INCREMENT=466;

--
-- AUTO_INCREMENT for table `tahunajarans`
--
ALTER TABLE `tahunajarans`
  MODIFY `id` bigint(20) UNSIGNED NOT NULL AUTO_INCREMENT, AUTO_INCREMENT=6;

--
-- AUTO_INCREMENT for table `users`
--
ALTER TABLE `users`
  MODIFY `id` bigint(20) UNSIGNED NOT NULL AUTO_INCREMENT, AUTO_INCREMENT=6;

--
-- Constraints for dumped tables
--

--
-- Constraints for table `riwayat_random_jadwal`
--
ALTER TABLE `riwayat_random_jadwal`
  ADD CONSTRAINT `riwayat_random_jadwal_ibfk_1` FOREIGN KEY (`kelas_id`) REFERENCES `kelas` (`id`),
  ADD CONSTRAINT `riwayat_random_jadwal_ibfk_2` FOREIGN KEY (`tahun_ajaran_id`) REFERENCES `tahunajarans` (`id`);
COMMIT;

/*!40101 SET CHARACTER_SET_CLIENT=@OLD_CHARACTER_SET_CLIENT */;
/*!40101 SET CHARACTER_SET_RESULTS=@OLD_CHARACTER_SET_RESULTS */;
/*!40101 SET COLLATION_CONNECTION=@OLD_COLLATION_CONNECTION */;
